st,pol,lat,lon,bias,n,first,last
Manama,PM2.5,26.2047,50.5708,6.6186788664001455,13745,2016-12-01,2023-12-22
KuwaitCity,PM2.5,29.2923,48.0477,36.93833761040517,15771,2017-02-17,2023-12-31
Dhahran,PM2.5,26.2769,50.1472,11.544402873562763,3545,2019-10-28,2021-07-14
Jeddah,PM2.5,21.5435,39.173,3.773843818204846,3095,2020-06-15,2023-12-31
Doha,PM2.5,25.3337,51.2295,15.141306093005051,2574,2022-04-14,2023-11-30
p369953,PM10,23.6522,53.7038,-5.475199243429636,1073,2022-10-29,2023-12-31
p369954,PM10,24.4819,54.3691,-60.01659856356699,1127,2022-10-29,2023-12-31
p369955,PM10,23.0957,53.6064,8.259068586149585,1083,2022-10-29,2023-12-31
p369957,PM10,24.4889,54.3637,-53.37269870984274,1081,2022-10-29,2023-12-31
p369958,PM10,24.3471,54.5028,-73.01225888055276,1080,2022-10-29,2023-12-31
p369959,PM10,24.2258,55.7658,-1.424171079588015,1068,2022-10-29,2023-12-31
p369960,PM10,24.4665,55.3428,37.258800687443134,1099,2022-10-29,2023-12-31
p369961,PM10,24.4199,54.5781,-52.393746383160334,1079,2022-10-29,2023-12-31
p369962,PM10,23.8355,52.8103,-19.690256822027973,1144,2022-10-29,2023-12-31
p369963,PM10,24.4035,54.516,-58.92190831507849,1083,2022-10-29,2023-12-31
p369965,PM10,24.0908,52.7548,-3.394626556790124,1134,2022-10-29,2023-12-31
p369966,PM10,24.3213,54.6359,-35.582516588444946,1108,2022-10-29,2023-12-31
p369967,PM10,23.7504,53.7452,-14.095928788847583,1076,2022-10-29,2023-12-31
p369968,PM10,24.219,55.7348,2.457859415162454,1108,2022-10-29,2023-12-31
p369969,PM10,24.1634,55.7021,10.69793762962963,1134,2022-10-29,2023-12-31
p369971,PM10,23.5311,55.4859,-8.22063369835466,1094,2022-10-29,2023-12-31
p369972,PM10,24.2591,55.7048,-0.7784231222627745,1096,2022-10-29,2023-12-31
p369973,PM10,24.0351,53.8853,-73.93326057619494,1067,2022-10-29,2023-12-31
p369974,PM10,24.287,54.5861,-121.19142137914852,1084,2022-10-29,2023-12-31
