pol,pmid,plo,phi,fm_mae,cams_mae,pers_mae,ratio,n
pm25,12.5,0,25,8.910498468826392,21.22413282849678,9.97390366642703,0.4198286234273198,1397
pm25,37.5,25,50,7.8009271240506655,26.195419364689503,10.969472913616398,0.29779737500847336,1401
pm25,62.5,50,75,9.557138740466996,25.89276933825896,13.63062787136294,0.36910454094786377,1367
pm25,82.5,75,90,13.962390138249878,25.27538273761468,15.223049645390072,0.5524106314509386,872
pm25,92.5,90,95,21.914669210076752,31.835236749116607,21.33273381294964,0.6883777677791216,283
pm25,97.0,95,99,41.139364475198924,34.74079982062781,48.08727272727273,1.1841801192720924,223
pm25,99.5,99,100,147.1363079204894,100.14645687719296,139.40204081632652,1.469211318188909,57
pm10,12.5,0,25,7.0498224074870475,25.27759553715481,6.656140350877193,0.2788960839698822,2390
pm10,37.5,25,50,8.478024382775368,26.32862452040977,7.958419102511321,0.32200787307378176,2538
pm10,62.5,50,75,10.645077976583218,38.97896955646675,10.060865837976854,0.27309798328973944,2451
pm10,82.5,75,90,17.6193891527736,54.59456742690816,17.02151983860121,0.32273154607118454,1546
pm10,92.5,90,95,20.5784223113951,75.91859391786447,20.745182012847966,0.2710590548299496,487
pm10,97.0,95,99,45.80590931731876,118.10440465742573,48.33163265306123,0.38784251485102206,404
pm10,99.5,99,100,108.2872990828294,336.337770125,118.26086956521739,0.32195997209169935,104
