target,model,MAE,RMSE
369953,raw_cams,21.508581374809214,30.056025409188567
369953,global_bias,29.399620750657512,37.45272335564136
369953,gbm_transfer,20.35689486686259,37.33571070281521
369954,raw_cams,62.58916650015692,73.75275463649469
369954,global_bias,44.88382626540285,55.083137573216675
369954,gbm_transfer,45.306305317923915,64.7872268938852
369955,raw_cams,34.611535119437995,45.78250873150763
369955,global_bias,45.25423058454458,58.605193582973236
369955,gbm_transfer,23.954772111345292,38.81478220244516
369957,raw_cams,56.019930536415046,139.0316814965946
369957,global_bias,42.26725875096411,131.29229074435042
369957,gbm_transfer,50.43385531101048,131.03111198816154
369958,raw_cams,76.88928005848838,127.52716533825567
369958,global_bias,58.12856142808708,115.14035840628527
369958,gbm_transfer,45.68855908684528,95.64887102564956
369959,raw_cams,28.16674789507291,36.60701922631365
369959,global_bias,36.17365808937422,45.62635993099008
369959,gbm_transfer,14.276275129432538,20.337813984760153
369960,raw_cams,45.20010041279398,56.53620646663637
369960,global_bias,69.69417906778263,80.33027405654356
369960,gbm_transfer,49.43412846959133,58.97649937191192
369961,raw_cams,54.77041218123909,76.3970686591992
369961,global_bias,37.45211801205112,61.579484829897964
369961,gbm_transfer,42.05962130310693,71.89466920484625
369962,raw_cams,27.540415104139935,37.84562506133361
369962,global_bias,25.088212199960328,33.30707066985918
369962,gbm_transfer,22.85271547305091,32.48490708707354
369963,raw_cams,61.735541284689724,105.12780332009002
369963,global_bias,43.984399861738495,93.2364043150203
369963,gbm_transfer,40.014525875283844,78.5904604453314
369965,raw_cams,23.18479528933816,29.477857583358528
369965,global_bias,29.572891444624027,38.68374686078989
369965,gbm_transfer,71.52518253491584,136.6495932908864
369966,raw_cams,40.05615423021616,47.49339079605725
369966,global_bias,23.887030672452685,32.651251369715055
369966,gbm_transfer,65.44205199301521,83.3348809501627
369967,raw_cams,25.067617495706976,47.383459569383064
369967,global_bias,27.658248799890604,47.33137930540481
369967,gbm_transfer,19.965408955437315,47.57672472883096
369968,raw_cams,31.332304716970945,50.76032926056183
369968,global_bias,43.81702576734627,59.650774315813216
369968,gbm_transfer,17.25427664271168,41.09993939844263
369969,raw_cams,27.5673839074594,36.67896997756082
369969,global_bias,43.314576524293926,53.34401684071113
369969,gbm_transfer,16.758219817715723,22.710368314576964
369971,raw_cams,41.21968377094164,102.50328824850901
369971,global_bias,48.02517817932622,104.13794908073581
369971,gbm_transfer,29.2847886992554,97.5770476394181
369972,raw_cams,27.573540045397124,35.57525266856549
369972,global_bias,36.19019223538287,45.26058353660582
369972,gbm_transfer,16.562918205926607,22.339503017441686
369973,raw_cams,82.2971412588082,250.2081799318236
369973,global_bias,77.13443322493792,244.03761263051854
369973,gbm_transfer,71.2886410766121,245.88564003823106
369974,raw_cams,122.12581783180156,153.76447886056167
369974,global_bias,102.22428122283347,136.99493903886952
369974,gbm_transfer,88.7902601413249,120.35605228215576
