geometry,spec,radius_km,design,n_targets,target_to_source_nn_median,within_source_nn_median,w1_km,di_median,share_outside_aoa
dense,coordfree,0.0,station,19,6.5498617390281275,6.5498617390281275,1.9797258843109502,0.5944827386175373,0.011695906432748537
dense,coordfree,0.0,space,19,6.5498617390281275,6.5498617390281275,1.9797258843109502,0.5944827386175373,0.011695906432748537
dense,coordfree,0.0,space_time,19,6.5498617390281275,6.5498617390281275,1.9797258843109502,0.5944827386175373,0.011695906432748537
dense,coordfree,0.0,full,19,48.292136579708334,6.5498617390281275,24.594743499287155,0.8644328101968413,0.07894736842105263
dense,coordfree,25.0,space,19,43.30332733868638,7.004650297604554,25.96252004671839,0.8644328101968413,0.0672514619883041
dense,coordfree,25.0,space_time,19,43.30332733868638,7.004650297604554,25.96252004671839,0.8644328101968413,0.0672514619883041
dense,coordfree,25.0,full,19,62.55478984270185,7.004650297604554,37.38600255931409,0.8835752273397084,0.09649122807017543
dense,coordfree,50.0,space,19,73.5241251917539,7.004650297604554,51.43620989903979,0.8644328101968413,0.0847953216374269
dense,coordfree,50.0,space_time,19,73.5241251917539,7.004650297604554,51.43620989903979,0.8644328101968413,0.0847953216374269
dense,coordfree,50.0,full,19,73.5241251917539,7.004650297604554,51.43620989903979,0.8644328101968413,0.0847953216374269
dense,coordfree,100.0,space,19,107.77310717518414,7.004650297604554,86.44942242072028,0.8063165352749335,0.09064327485380118
dense,coordfree,100.0,space_time,19,107.77310717518414,7.004650297604554,86.44942242072028,0.8063165352749335,0.09064327485380118
dense,coordfree,100.0,full,19,107.77310717518414,7.004650297604554,86.44942242072028,0.8063165352749335,0.09064327485380118
dense,full,0.0,station,19,6.5498617390281275,6.5498617390281275,1.9797258843109502,0.7006194647620889,0.014619883040935673
dense,full,0.0,space,19,6.5498617390281275,6.5498617390281275,1.9797258843109502,0.7006194647620889,0.014619883040935673
dense,full,0.0,space_time,19,6.5498617390281275,6.5498617390281275,1.9797258843109502,0.7006194647620889,0.014619883040935673
dense,full,0.0,full,19,48.292136579708334,6.5498617390281275,24.594743499287155,1.4351975685961595,0.17543859649122806
dense,full,25.0,space,19,43.30332733868638,7.004650297604554,25.96252004671839,1.4244384132649968,0.011695906432748537
dense,full,25.0,space_time,19,43.30332733868638,7.004650297604554,25.96252004671839,1.4244384132649968,0.011695906432748537
dense,full,25.0,full,19,62.55478984270185,7.004650297604554,37.38600255931409,1.7836545310060545,0.17543859649122806
dense,full,50.0,space,19,73.5241251917539,7.004650297604554,51.43620989903979,2.1804333050855913,0.33918128654970764
dense,full,50.0,space_time,19,73.5241251917539,7.004650297604554,51.43620989903979,2.1804333050855913,0.33918128654970764
dense,full,50.0,full,19,73.5241251917539,7.004650297604554,51.43620989903979,2.1804333050855913,0.33918128654970764
dense,full,100.0,space,19,107.77310717518414,7.004650297604554,86.44942242072028,4.1937418140620215,0.6637426900584795
dense,full,100.0,space_time,19,107.77310717518414,7.004650297604554,86.44942242072028,4.1937418140620215,0.6637426900584795
dense,full,100.0,full,19,107.77310717518414,7.004650297604554,86.44942242072028,4.1937418140620215,0.6637426900584795
sparse,coordfree,0.0,station,19,13.099723478056255,13.099723478056255,3.9594517686219004,0.5944827386175373,0.011695906432748537
sparse,coordfree,0.0,space,19,13.099723478056255,13.099723478056255,3.9594517686219004,0.5944827386175373,0.011695906432748537
sparse,coordfree,0.0,space_time,19,13.099723478056255,13.099723478056255,3.9594517686219004,0.5944827386175373,0.011695906432748537
sparse,coordfree,0.0,full,19,96.58427315941667,13.099723478056255,49.18948699857431,0.8644328101968413,0.07894736842105263
sparse,coordfree,25.0,space,19,69.2864476163705,14.009300595209108,33.24360555592857,0.8644328101968413,0.05555555555555556
sparse,coordfree,25.0,space_time,19,69.2864476163705,14.009300595209108,33.24360555592857,0.8644328101968413,0.05555555555555556
sparse,coordfree,25.0,full,19,96.58427315941667,13.554512036632682,51.22350380190544,0.8644328101968413,0.0847953216374269
sparse,coordfree,50.0,space,19,86.60665467737276,14.009300595209108,51.92504009343678,0.8644328101968413,0.0672514619883041
sparse,coordfree,50.0,space_time,19,86.60665467737276,14.009300595209108,51.92504009343678,0.8644328101968413,0.0672514619883041
sparse,coordfree,50.0,full,19,125.1095796854037,14.009300595209108,74.77200511862819,0.8835752273397084,0.09649122807017543
sparse,coordfree,100.0,space,19,147.0482503835078,14.009300595209108,102.87241979807958,0.8644328101968413,0.0847953216374269
sparse,coordfree,100.0,space_time,19,147.0482503835078,14.009300595209108,102.87241979807958,0.8644328101968413,0.0847953216374269
sparse,coordfree,100.0,full,19,147.0482503835078,14.009300595209108,102.87241979807958,0.8644328101968413,0.0847953216374269
sparse,full,0.0,station,19,13.099723478056255,13.099723478056255,3.9594517686219004,0.7006194647620889,0.014619883040935673
sparse,full,0.0,space,19,13.099723478056255,13.099723478056255,3.9594517686219004,0.7006194647620889,0.014619883040935673
sparse,full,0.0,space_time,19,13.099723478056255,13.099723478056255,3.9594517686219004,0.7006194647620889,0.014619883040935673
sparse,full,0.0,full,19,96.58427315941667,13.099723478056255,49.18948699857431,1.4351975685961595,0.17543859649122806
sparse,full,25.0,space,19,69.2864476163705,14.009300595209108,33.24360555592857,1.2415212541100091,0.011695906432748537
sparse,full,25.0,space_time,19,69.2864476163705,14.009300595209108,33.24360555592857,1.2415212541100091,0.011695906432748537
sparse,full,25.0,full,19,96.58427315941667,13.554512036632682,51.22350380190544,1.4351975685961595,0.17543859649122806
sparse,full,50.0,space,19,86.60665467737276,14.009300595209108,51.92504009343678,1.4244384132649968,0.011695906432748537
sparse,full,50.0,space_time,19,86.60665467737276,14.009300595209108,51.92504009343678,1.4244384132649968,0.011695906432748537
sparse,full,50.0,full,19,125.1095796854037,14.009300595209108,74.77200511862819,1.7836545310060545,0.17543859649122806
sparse,full,100.0,space,19,147.0482503835078,14.009300595209108,102.87241979807958,2.1804333050855913,0.33918128654970764
sparse,full,100.0,space_time,19,147.0482503835078,14.009300595209108,102.87241979807958,2.1804333050855913,0.33918128654970764
sparse,full,100.0,full,19,147.0482503835078,14.009300595209108,102.87241979807958,2.1804333050855913,0.33918128654970764
