R,beta,spec,station,space,space_time,full,full_medΔ
25,absent,coordfree,20.0,16.6875,2.5,2.3125,-0.10561691097796745
25,absent,full,29.5,17.5625,3.6875,2.9375,-0.15600841344085806
25,present,coordfree,77.9375,65.625,38.0,36.8125,0.09161919389163885
25,present,full,79.5625,55.75,34.3125,27.8125,0.0167051058158833
50,absent,coordfree,20.0,16.5625,2.75,2.6875,-0.1123497746937985
50,absent,full,29.5,13.5625,2.875,2.4375,-0.18729477942112227
50,present,coordfree,77.9375,63.375,37.3125,36.6875,0.0800623494307594
50,present,full,79.5625,43.5625,28.000000000000004,25.687500000000004,-0.0228384939452887
100,absent,coordfree,20.0,15.562500000000002,2.625,2.625,-0.113136413510529
100,absent,full,29.5,10.625,2.0625,2.0625,-0.2740967036094487
100,present,coordfree,77.9375,59.75,35.3125,35.3125,0.08164762176714241
100,present,full,79.5625,34.0,22.5,22.5,-0.10092046804759344
