learner,beta,spec,design,n,k,rate,lo,hi,medd
ridge,absent,coordfree,station,1600,320,20.0,18.112887866713297,22.03082707371473,0.0115454843516123
ridge,absent,coordfree,space,1600,265,16.5625,14.821467952604028,18.463714324748043,-0.004984794899698
ridge,absent,coordfree,space_time,1600,44,2.75,2.0548512590700727,3.6714997721040783,-0.1099587113021736
ridge,absent,coordfree,full,1600,43,2.6875,2.0012842780862363,3.6003661592138054,-0.1123497746937985
ridge,absent,full,station,1600,472,29.5,27.316630838112626,31.78157437117985,0.0556015093583863
ridge,absent,full,space,1600,217,13.5625,11.971805416925923,15.327748354468953,-0.0301458955951706
ridge,absent,full,space_time,1600,46,2.875,2.16229941674058,3.8134528021817875,-0.15486932645069465
ridge,absent,full,full,1600,39,2.4375,1.7881485348425479,3.3146995269610615,-0.18729477942112227
ridge,present,coordfree,station,1600,1247,77.9375,75.84004112029868,79.90112434142773,0.24255788973271075
ridge,present,coordfree,space,1600,1014,63.375,60.98485810575104,65.70106898330813,0.19139157816662117
ridge,present,coordfree,space_time,1600,597,37.3125,34.975723386691705,39.7100560568643,0.08109445926168454
ridge,present,coordfree,full,1600,587,36.6875,34.36043637323682,39.07833713157811,0.0800623494307594
ridge,present,full,station,1600,1273,79.5625,77.51689192367533,81.46648897877787,0.2971381075927545
ridge,present,full,space,1600,697,43.5625,41.151173077475676,46.00466575349116,0.133467966806593
ridge,present,full,space_time,1600,448,28.0,25.854605668390278,30.250785287923616,0.0177908834980859
ridge,present,full,full,1600,411,25.6875,23.606648775676184,27.884820207295697,-0.0228384939452887
hgb,absent,coordfree,station,400,208,52.0,47.108202109892275,56.853747327709016,0.13157586895365844
hgb,absent,coordfree,space,400,113,28.25,24.060954581038725,32.85284528504738,-0.0114743049301365
hgb,absent,coordfree,space_time,400,7,1.75,0.850218266078914,3.5677515517902707,-0.1097729351583807
hgb,absent,coordfree,full,400,5,1.25,0.5350671853550635,2.892415273113802,-0.11027503501636525
hgb,absent,full,station,400,225,56.25,51.351791119805135,61.029300872698855,0.2360360071982604
hgb,absent,full,space,400,96,24.0,20.074532480639665,28.420124830543735,-0.0203028052714797
hgb,absent,full,space_time,400,5,1.25,0.5350671853550635,2.892415273113802,-0.09118381521003376
hgb,absent,full,full,400,5,1.25,0.5350671853550635,2.892415273113802,-0.09577210425296695
hgb,present,coordfree,station,400,374,93.5,90.64641783755448,95.52598243027332,0.35344583620008263
hgb,present,coordfree,space,400,256,64.0,59.183356361863424,68.55028970134552,0.2405225153490041
hgb,present,coordfree,space_time,400,141,35.25,30.72858484474132,40.05203805294925,0.0749766213114782
hgb,present,coordfree,full,400,139,34.75,30.248524680204365,39.54161085808589,0.06723754478766719
hgb,present,full,station,400,371,92.75,89.78168807373348,94.90498115499382,0.42573048214495585
hgb,present,full,space,400,216,54.0,49.10079246678604,58.82310640841653,0.22579517195258425
hgb,present,full,space_time,400,123,30.75,26.42866432019798,35.43757234288972,0.0595478533752675
hgb,present,full,full,400,115,28.75,24.53321707244168,33.37107015304474,0.05015229489532205
