R,learner,beta,spec,k,n,rate,lo,hi,dtil
25,ridge,absent,coordfree,37,1600,2.3125,1.6823278441806262,3.171110654637484,-0.1465874952469261
25,ridge,absent,full,47,1600,2.9375,2.216185529782961,3.884259017543431,-0.19071965253098966
25,ridge,present,coordfree,589,1600,36.8125,34.483501978059905,39.204670398415345,0.0481284113328994
25,ridge,present,full,445,1600,27.8125,25.672101022962963,30.05918425499304,-0.0391857351649611
25,hgb,absent,coordfree,6,400,1.5,0.6892291918239799,3.23346335903172,-0.11453241320215415
25,hgb,absent,full,7,400,1.75,0.8502291105653143,3.5677072931210265,-0.09763929379038574
25,hgb,present,coordfree,145,400,36.25,31.690439606269766,41.071148488045,0.0446981386030908
25,hgb,present,full,123,400,30.75,26.4287397721668,35.437483559873876,0.06381561128389909
50,ridge,absent,coordfree,43,1600,2.6875,2.0012950742065247,3.6003470537165545,-0.15005389852975695
50,ridge,absent,full,39,1600,2.4375,1.7881586614853537,3.314681047034412,-0.22813986895361726
50,ridge,present,coordfree,587,1600,36.6875,34.36047845400934,39.07829271276426,0.037728052475271445
50,ridge,present,full,411,1600,25.6875,23.606685881320562,27.884778831707287,-0.06116535636062449
50,hgb,absent,coordfree,5,400,1.25,0.535075077896365,2.892373620128694,-0.1190053118587877
50,hgb,absent,full,5,400,1.25,0.535075077896365,2.892373620128694,-0.10808932415035119
50,hgb,present,coordfree,139,400,34.75,30.248604050213007,39.54152092711791,0.0528950121940778
50,hgb,present,full,115,400,28.75,24.533290308080936,33.370982201314604,0.046975755503464806
100,ridge,absent,coordfree,42,1600,2.625,1.9478373007046572,3.5291042223675935,-0.1435374109143318
100,ridge,absent,full,33,1600,2.0625,1.4723383327615012,2.8822977466532964,-0.3198836791634587
100,ridge,present,coordfree,565,1600,35.3125,33.008352102546574,37.687005757508814,0.03806588698230295
100,ridge,present,full,360,1600,22.5,20.521141820782958,24.610592044852652,-0.17312243070173236
100,hgb,absent,coordfree,4,400,1.0,0.38954837941864007,2.5426564657757784,-0.11918036102323054
100,hgb,absent,full,5,400,1.25,0.535075077896365,2.892373620128694,-0.11222693015333035
100,hgb,present,coordfree,143,400,35.75,31.209278235509295,40.56182215314419,0.0327422054958672
100,hgb,present,full,115,400,28.75,24.533290308080936,33.370982201314604,0.02027775956860385
