beta_state,spatial,temporal,grid,geometry,spec,design,n_rep,verdict_rate,median_of_delta,delta_q25,delta_q75,median_win_rate,median_guard_days,median_sources,rate_type
absent,off,off,off,dense,coordfree,full,25,0.0,-0.03703075557501207,-0.046936064377333345,-0.02251748886494782,0.3157894736842105,1.0,15.0,false-positive transfer verdict rate
absent,off,off,off,dense,full,full,25,0.0,-0.04265858015786262,-0.059166028085048575,-0.03523963097202623,0.2631578947368421,1.0,15.0,false-positive transfer verdict rate
absent,off,off,off,sparse,coordfree,full,25,0.0,-0.04233067325083909,-0.05380412628083557,-0.02693474863915889,0.3157894736842105,1.0,16.0,false-positive transfer verdict rate
absent,off,off,off,sparse,full,full,25,0.0,-0.052214356913019386,-0.07401993041898304,-0.030956133257586723,0.2631578947368421,1.0,16.0,false-positive transfer verdict rate
absent,off,off,on,dense,coordfree,full,25,0.0,-0.0826866494402545,-0.15033357096797764,-0.03208051249108085,0.2631578947368421,2.0,15.0,false-positive transfer verdict rate
absent,off,off,on,dense,full,full,25,0.0,-0.1025071187576614,-0.16650753126146117,-0.06463502341522445,0.3157894736842105,2.0,15.0,false-positive transfer verdict rate
absent,off,off,on,sparse,coordfree,full,25,0.04,-0.10075773482954115,-0.14346418915402565,-0.06018956237933404,0.3157894736842105,2.0,16.0,false-positive transfer verdict rate
absent,off,off,on,sparse,full,full,25,0.04,-0.09247567450210066,-0.1715108059072019,-0.037809458277717915,0.3684210526315789,2.0,16.0,false-positive transfer verdict rate
absent,off,on,off,dense,coordfree,full,25,0.12,-0.08381496165404322,-0.17587119605465784,-0.03954798758021907,0.15789473684210525,4.0,15.0,false-positive transfer verdict rate
absent,off,on,off,dense,full,full,25,0.08,-0.08119795676532836,-0.16932779954608962,-0.04608145123458686,0.15789473684210525,4.0,15.0,false-positive transfer verdict rate
absent,off,on,off,sparse,coordfree,full,25,0.04,-0.08857164761053668,-0.1660562106553563,-0.04168536219214048,0.21052631578947367,3.0,16.0,false-positive transfer verdict rate
absent,off,on,off,sparse,full,full,25,0.08,-0.08656084877756573,-0.16165115347415532,-0.021793322702106977,0.21052631578947367,3.0,16.0,false-positive transfer verdict rate
absent,off,on,on,dense,coordfree,full,25,0.04,-0.10262393237599607,-0.1557931693942389,-0.028755808007881894,0.2631578947368421,3.0,15.0,false-positive transfer verdict rate
absent,off,on,on,dense,full,full,25,0.0,-0.10625932743433825,-0.18266617113376815,-0.02463189788934313,0.3157894736842105,3.0,15.0,false-positive transfer verdict rate
absent,off,on,on,sparse,coordfree,full,25,0.0,-0.0875715280547595,-0.15887545211569268,-0.0056114617818190495,0.2631578947368421,3.0,16.0,false-positive transfer verdict rate
absent,off,on,on,sparse,full,full,25,0.0,-0.08642847459161675,-0.19507320031553627,-0.05369183386671572,0.3157894736842105,3.0,16.0,false-positive transfer verdict rate
absent,on,off,off,dense,coordfree,full,25,0.0,-0.18840487746086376,-0.21871121024747886,-0.11877256102443656,0.15789473684210525,1.0,15.0,false-positive transfer verdict rate
absent,on,off,off,dense,full,full,25,0.0,-0.10291203349224148,-0.31272745483159287,-0.06494308277176042,0.42105263157894735,1.0,15.0,false-positive transfer verdict rate
absent,on,off,off,sparse,coordfree,full,25,0.0,-0.13546210897518587,-0.1738478020729681,-0.09725219809556938,0.10526315789473684,1.0,16.0,false-positive transfer verdict rate
absent,on,off,off,sparse,full,full,25,0.0,-0.0818997831398864,-0.2253323549538864,-0.0160640328240549,0.3157894736842105,1.0,16.0,false-positive transfer verdict rate
absent,on,off,on,dense,coordfree,full,25,0.0,-0.14962790604232398,-0.19426503052052344,-0.0994537225757011,0.15789473684210525,2.0,15.0,false-positive transfer verdict rate
absent,on,off,on,dense,full,full,25,0.0,-0.12439298665167776,-0.28926251373211626,-0.026827721223216017,0.3157894736842105,2.0,15.0,false-positive transfer verdict rate
absent,on,off,on,sparse,coordfree,full,25,0.0,-0.1264408940283123,-0.16229281691982922,-0.10190096568161815,0.21052631578947367,2.0,16.0,false-positive transfer verdict rate
absent,on,off,on,sparse,full,full,25,0.0,-0.24244836209621695,-0.3547186809026714,-0.10368376387413221,0.2631578947368421,2.0,16.0,false-positive transfer verdict rate
absent,on,on,off,dense,coordfree,full,25,0.0,-0.13525076084012644,-0.23730175681193566,-0.08313799513609497,0.2631578947368421,3.0,15.0,false-positive transfer verdict rate
absent,on,on,off,dense,full,full,25,0.04,-0.09277146882311019,-0.15753509319715248,-0.038333427930926124,0.3684210526315789,3.0,15.0,false-positive transfer verdict rate
absent,on,on,off,sparse,coordfree,full,25,0.0,-0.14713154123895547,-0.21360997653443695,-0.08052672998851103,0.21052631578947367,4.0,16.0,false-positive transfer verdict rate
absent,on,on,off,sparse,full,full,25,0.04,-0.17514113290747285,-0.2472391308038073,-0.027869014710878052,0.3684210526315789,4.0,16.0,false-positive transfer verdict rate
absent,on,on,on,dense,coordfree,full,25,0.0,-0.13014090285047855,-0.24486782887293906,-0.047272157127867385,0.2631578947368421,3.0,15.0,false-positive transfer verdict rate
absent,on,on,on,dense,full,full,25,0.0,-0.21909990579515318,-0.3322411998538215,-0.0787858736086944,0.3157894736842105,3.0,15.0,false-positive transfer verdict rate
absent,on,on,on,sparse,coordfree,full,25,0.0,-0.16182852438601503,-0.2447747897254934,-0.11198193091728242,0.2631578947368421,3.0,16.0,false-positive transfer verdict rate
absent,on,on,on,sparse,full,full,25,0.0,-0.11461848517733679,-0.19909044693758268,-0.07287493437243035,0.3157894736842105,3.0,16.0,false-positive transfer verdict rate
present,off,off,off,dense,coordfree,full,25,1.0,0.3810714617909123,0.3183294757552117,0.46608023005538207,1.0,4.0,15.0,true-transfer detection rate
present,off,off,off,dense,full,full,25,1.0,0.3773340592880126,0.2876942437606887,0.4431924948199155,1.0,4.0,15.0,true-transfer detection rate
present,off,off,off,sparse,coordfree,full,25,1.0,0.3865583846035933,0.3260242407908637,0.47015405316676995,1.0,4.0,16.0,true-transfer detection rate
present,off,off,off,sparse,full,full,25,1.0,0.396149828953809,0.3174311015449781,0.4351597059372806,1.0,4.0,16.0,true-transfer detection rate
present,off,off,on,dense,coordfree,full,25,0.44,0.13186743332310913,0.08822680584442524,0.2069551005790935,0.6842105263157895,4.0,15.0,true-transfer detection rate
present,off,off,on,dense,full,full,25,0.32,0.1319874529445892,0.04483652821177921,0.2047159511461675,0.631578947368421,4.0,15.0,true-transfer detection rate
present,off,off,on,sparse,coordfree,full,25,0.52,0.15537226341591093,0.057702544500307235,0.20825340988989835,0.7368421052631579,4.0,16.0,true-transfer detection rate
present,off,off,on,sparse,full,full,25,0.36,0.1157421921652372,0.05681374045844863,0.2723862919287336,0.631578947368421,4.0,16.0,true-transfer detection rate
present,off,on,off,dense,coordfree,full,25,0.56,0.05515311718257098,-0.029196782689302134,0.20045623526143536,0.7368421052631579,5.0,15.0,true-transfer detection rate
present,off,on,off,dense,full,full,25,0.52,0.11154743602140375,-0.009316310415252601,0.18831071599435917,0.7368421052631579,5.0,15.0,true-transfer detection rate
present,off,on,off,sparse,coordfree,full,25,0.44,0.08241864273574936,-0.05142252965123153,0.1343448284057485,0.6842105263157895,4.0,16.0,true-transfer detection rate
present,off,on,off,sparse,full,full,25,0.4,0.09025184685299398,-0.042076908536024055,0.15179146610222027,0.6842105263157895,4.0,16.0,true-transfer detection rate
present,off,on,on,dense,coordfree,full,25,0.36,0.06554532428834361,-0.03468449902482159,0.13871934905060793,0.5789473684210527,4.0,15.0,true-transfer detection rate
present,off,on,on,dense,full,full,25,0.28,0.031547383139429196,-0.05056656750290699,0.0981781414839531,0.5789473684210527,4.0,15.0,true-transfer detection rate
present,off,on,on,sparse,coordfree,full,25,0.16,-0.001662390664358447,-0.10555432694701272,0.0912411460569971,0.47368421052631576,4.0,16.0,true-transfer detection rate
present,off,on,on,sparse,full,full,25,0.16,-0.0034832292383701904,-0.12876316431643867,0.08564072200010127,0.47368421052631576,4.0,16.0,true-transfer detection rate
present,on,off,off,dense,coordfree,full,25,0.2,0.03258346659473413,-0.027806518595370377,0.1239844022196024,0.5263157894736842,4.0,15.0,true-transfer detection rate
present,on,off,off,dense,full,full,25,0.24,0.1325950908675527,-0.09054367345701797,0.22706170151440377,0.5789473684210527,4.0,15.0,true-transfer detection rate
present,on,off,off,sparse,coordfree,full,25,0.32,0.10397800590190857,0.04466934295624117,0.16598574796715904,0.6842105263157895,3.0,16.0,true-transfer detection rate
present,on,off,off,sparse,full,full,25,0.08,0.11215486025762765,0.03946887195337819,0.15037984188876682,0.5789473684210527,3.0,16.0,true-transfer detection rate
present,on,off,on,dense,coordfree,full,25,0.12,0.027384602490443558,-0.04855890079724443,0.1282418754586406,0.5263157894736842,5.0,15.0,true-transfer detection rate
present,on,off,on,dense,full,full,25,0.0,-0.01415049704180386,-0.1991170163874684,0.08164389078100055,0.47368421052631576,5.0,15.0,true-transfer detection rate
present,on,off,on,sparse,coordfree,full,25,0.08,0.03424316002361073,-0.04172366190867361,0.09406765100702504,0.5263157894736842,4.0,16.0,true-transfer detection rate
present,on,off,on,sparse,full,full,25,0.04,-0.016442216464184388,-0.2138578456001857,0.08872939209587612,0.47368421052631576,4.0,16.0,true-transfer detection rate
present,on,on,off,dense,coordfree,full,25,0.04,-0.026490982904670887,-0.06855123990871655,0.09271758053815898,0.47368421052631576,3.0,15.0,true-transfer detection rate
present,on,on,off,dense,full,full,25,0.12,-0.06030629625269124,-0.1292077266826215,0.11427182430579927,0.42105263157894735,3.0,15.0,true-transfer detection rate
present,on,on,off,sparse,coordfree,full,25,0.2,0.0050249325042116015,-0.12834321166282203,0.10854446359567832,0.5263157894736842,4.0,16.0,true-transfer detection rate
present,on,on,off,sparse,full,full,25,0.12,0.006022665496372506,-0.0502427730728687,0.11480431038502828,0.5263157894736842,4.0,16.0,true-transfer detection rate
present,on,on,on,dense,coordfree,full,25,0.16,-0.10331091660097998,-0.12762070337437137,0.1094505039269426,0.42105263157894735,4.0,15.0,true-transfer detection rate
present,on,on,on,dense,full,full,25,0.08,0.037379375714804326,-0.10901090996952859,0.13911460914501175,0.5789473684210527,4.0,15.0,true-transfer detection rate
present,on,on,on,sparse,coordfree,full,25,0.2,-0.027412167865112427,-0.08656870326052088,0.08145487163793053,0.47368421052631576,4.0,16.0,true-transfer detection rate
present,on,on,on,sparse,full,full,25,0.2,0.00251722618944825,-0.11663604575784589,0.06922136233162565,0.5263157894736842,4.0,16.0,true-transfer detection rate
