status,key,kind,title,year,doi,journal,cr_title,cr_year,cr_container,title_overlap
ok,inness2019,article,The {CAMS} reanalysis of atmospheric composition,2019,10.5194/acp-19-3515-2019,Atmospheric Chemistry and Physics,The CAMS reanalysis of atmospheric composition,2019,Atmospheric Chemistry and Physics [CrossRef],1.0
ok,flemming2015,article,{Tropospheric chemistry in the Integrated Forecasting System of ECMWF},2015,10.5194/gmd-8-975-2015,Geoscientific Model Development,Tropospheric chemistry in the Integrated Forecasting  System of ECMWF,2015,Geoscientific Model Development [CrossRef],1.0
ok,remy2019,article,Description and evaluation of the tropospheric aerosol scheme in the European Centre for Medium-Range Weather Forecasts Integrated Forecasting System,2019,10.5194/gmd-12-4627-2019,Geoscientific Model Development,"Description and evaluation of the tropospheric aerosol scheme in the European Centre for Medium-Range Weather Forecasts (ECMWF) Integrated Forecasting System (IFS-AER, cycle 45R1)",2019,Geoscientific Model Development [CrossRef],1.0
ok,benedetti2009,article,Aerosol analysis and forecast in the European Centre for Medium-Range Weather Forecasts Integrated Forecast System,2009,10.1029/2008JD011115,Journal of Geophysical Research,Aerosol analysis and forecast in the European Centre for Medium‐Range Weather Forecasts Integrated Forecast System: 2. Data assimilation,2009,Journal of Geophysical Research: Atmospheres [CrossRef],1.0
ok,marecal2015,article,A regional air quality forecasting system over Europe: the {MACC-II} daily ensemble production,2015,10.5194/gmd-8-2777-2015,Geoscientific Model Development,A regional air quality forecasting system over Europe: the MACC-II daily ensemble production,2015,Geoscientific Model Development [CrossRef],1.0
ok,xu2021,article,Machine learning based bias correction for numerical chemical transport models,2021,10.1016/j.atmosenv.2020.118022,Atmospheric Environment,Machine learning based bias correction for numerical chemical transport models,2021,Atmospheric Environment [CrossRef],1.0
ok,bertrand2023,article,Technical note: Improving the European air quality forecast of the Copernicus Atmosphere Monitoring Service using machine learning techniques,2023,10.5194/acp-23-5317-2023,Atmospheric Chemistry and Physics,Technical note: Improving the European air quality forecast of the Copernicus Atmosphere Monitoring  Service using machine learning techniques,2023,Atmospheric Chemistry and Physics [CrossRef],1.0
ok,lyu2019,article,Fusion Method Combining Ground-Level Observations with Chemical Transport Model Predictions Using an Ensemble Deep Learning Framework: Application in China to Estimate Spatiotemporally-Resolved PM2.5 Exposure Fields in 2014-2017,2019,10.1021/acs.est.9b01117,Environmental Science and Technology,Fusion Method Combining Ground-Level Observations with Chemical Transport Model Predictions Using an Ensemble Deep Learning Framework: Application in China to Estimate Spatiotemporally-Resolved PM<sub>2.5</sub> Exposure Fields in 2014–2017,2019,Environmental Science &amp; Technology [CrossRef],0.97
ok,kow2022,article,Deep neural networks for spatiotemporal PM2.5 forecasts based on atmospheric chemical transport model output and monitoring data,2022,10.1016/j.envpol.2022.119348,Environmental Pollution,Deep neural networks for spatiotemporal PM2.5 forecasts based on atmospheric chemical transport model output and monitoring data,2022,Environmental Pollution [CrossRef],1.0
ok,liu2022,article,Identifying Contributors to PM2.5 Simulation Biases of Chemical Transport Model Using Fully Connected Neural Networks,2023,10.1029/2021MS002898,Journal of Advances in Modeling Earth Systems,Identifying Contributors to PM<sub>2.5</sub> Simulation Biases of Chemical Transport Model Using Fully Connected Neural Networks,2023,Journal of Advances in Modeling Earth Systems [CrossRef],0.94
ok,wang2024,article,"Diagnosing drivers of PM2.5 simulation biases in China from meteorology, chemical composition, and emission sources using an efficient machine learning method",2024,10.5194/gmd-17-3617-2024,Geoscientific Model Development,"Diagnosing drivers of PM
                    <sub>2.5</sub>
                    simulation biases in China from meteorology, chemical composition, and emission sources using an efficient machine learning method",2024,Geoscientific Model Development [CrossRef],0.95
ok,qiu2024,article,Evaluating Chemical Transport and Machine Learning Models for Wildfire Smoke PM2.5: Implications for Assessment of Health Impacts,2024,10.1021/acs.est.4c05922,Environmental Science and Technology,"Evaluating Chemical Transport and Machine Learning Models for Wildfire Smoke PM
                    <sub>2.5</sub>
                    : Implications for Assessment of Health Impacts",2024,Environmental Science &amp; Technology [CrossRef],0.94
ok,sayeed2025,article,GOES-R PM2.5 Evaluation and Bias Correction: A Deep Learning Approach,2025,10.1029/2024EA004012,Earth and Space Science,"GOES‐R PM
                    <sub>2.5</sub>
                    Evaluation and Bias Correction: A Deep Learning Approach",2025,Earth and Space Science [CrossRef],0.92
ok,sarafian2025,article,Correction of CAMS PM10 Reanalysis Improves AI-Based Dust Event Forecast,2025,10.3390/rs17020222,Remote Sensing,Correction of CAMS PM10 Reanalysis Improves AI-Based Dust Event Forecast,2025,Remote Sensing [CrossRef],1.0
ok,chelhaoui2025,article,Evaluation of three chemical transport models for extreme PM10 events in Morocco and improvement of forecasts using hybrid CTM-Random Forest models,2025,10.1016/j.scitotenv.2025.180668,Science of the Total Environment,Evaluation of three chemical transport models for extreme PM10 events in Morocco and improvement of forecasts using hybrid CTM–Random Forest models,2025,Science of The Total Environment [CrossRef],1.0
ok,dimri2026,article,TransNet: a transport-informed graph neural network for forecasting PM2.5 concentrations across South Korea,2026,10.1038/s44407-026-00052-x,npj Clean Air,TransNet: a transport-informed graph neural network for forecasting PM2.5 concentrations across South Korea,2026,npj Clean Air [CrossRef],1.0
ok,wang2026,article,A novel residual-driven hybrid model with spatial generalization for multi-horizon air quality forecasting,2026,10.1007/s00477-026-03281-4,Stochastic Environmental Research and Risk Assessment,A novel residual-driven hybrid model with spatial generalization for multi-horizon air quality forecasting,2026,Stochastic Environmental Research and Risk Assessment [CrossRef],1.0
ok,aurora_china2026,article,Evaluation of the Aurora foundation model for multi-pollutant air quality forecasting over China,2026,10.3389/fenvs.2026.1882322,Frontiers in Environmental Science,Evaluation of the Aurora foundation model for multi-pollutant air quality forecasting over China,2026,Frontiers in Environmental Science [CrossRef],1.0
ok,bodnar2025,article,A foundation model for the Earth system,2025,10.1038/s41586-025-09005-y,Nature,A foundation model for the Earth system,2025,Nature [CrossRef],1.0
ok,bi2023,article,Accurate medium-range global weather forecasting with 3D neural networks,2023,10.1038/s41586-023-06185-3,Nature,Accurate medium-range global weather forecasting with 3D neural networks,2023,Nature [CrossRef],1.0
ok,lam2023,article,Learning skillful medium-range global weather forecasting,2023,10.1126/science.adi2336,Science,Learning skillful medium-range global weather forecasting,2023,Science [CrossRef],1.0
ok,ansari2024,article,Chronos: Learning the Language of Time Series,2024,10.48550/arXiv.2403.07815,Transactions on Machine Learning Research,Chronos: Learning the Language of Time Series,2024,arXiv [DataCite],1.0
ok,das2023,article,A decoder-only foundation model for time-series forecasting,2023,10.48550/arXiv.2310.10688,arXiv,A decoder-only foundation model for time-series forecasting,2023,arXiv [DataCite],1.0
ok,feng2024,inproceedings,General Time Transformer: An Encoder-only Foundation Model for Zero-Shot Multivariate Time Series Forecasting,2024,10.1145/3627673.3679931,Proceedings of the 33rd ACM International Conference on Information and Knowledge Management,General Time Transformer: an Encoder-only Foundation Model for Zero-Shot Multivariate Time Series Forecasting,2024,Proceedings of the 33rd ACM International Conference on Information and Knowledge Management [CrossRef],1.0
ok,van_donkelaar2016,article,"Global Estimates of Fine Particulate Matter using a Combined Geophysical-Statistical Method with Information from Satellites, Models, and Monitors",2016,10.1021/acs.est.5b05833,Environmental Science and Technology,"Global Estimates of Fine Particulate Matter using a Combined Geophysical-Statistical Method with Information from Satellites, Models, and Monitors",2016,Environmental Science &amp; Technology [CrossRef],1.0
ok,hammer2020,article,Global Estimates and Long-Term Trends of Fine Particulate Matter Concentrations (1998-2018),2020,10.1021/acs.est.0c01764,Environmental Science and Technology,"Global Estimates and Long-Term
Trends of Fine Particulate
Matter Concentrations (1998–2018)",2020,Environmental Science &amp; Technology [CrossRef],1.0
ok,lelieveled2015,article,The contribution of outdoor air pollution sources to premature mortality on a global scale,2015,10.1038/nature15371,Nature,The contribution of outdoor air pollution sources to premature mortality on a global scale,2015,Nature [CrossRef],1.0
ok,cohen2017,article,Estimates and 25-year trends of the global burden of disease attributable to ambient air pollution,2017,10.1016/S0140-6736(17)30505-6,The Lancet,Estimates and 25-year trends of the global burden of disease attributable to ambient air pollution: an analysis of data from the Global Burden of Diseases Study 2015,2017,The Lancet [CrossRef],1.0
ok,burnett2018,article,Global estimates of mortality associated with long-term exposure to outdoor fine particulate matter,2018,10.1073/pnas.1803222115,Proceedings of the National Academy of Sciences,Global estimates of mortality associated with long-term exposure to outdoor fine particulate matter,2018,Proceedings of the National Academy of Sciences [CrossRef],1.0
ok,pope2006,article,Health Effects of Fine Particulate Air Pollution: Lines that Connect,2006,10.1080/10473289.2006.10464485,Journal of the Air and Waste Management Association,Health Effects of Fine Particulate Air Pollution: Lines that Connect,2006,Journal of the Air &amp; Waste Management Association [CrossRef],1.0
ok,brook2010,article,Particulate Matter Air Pollution and Cardiovascular Disease,2010,10.1161/CIR.0b013e3181dbece1,Circulation,Particulate Matter Air Pollution and Cardiovascular Disease,2010,Circulation [CrossRef],1.0
ok,brunekreef2002,article,Air pollution and health,2002,10.1016/S0140-6736(02)11274-8,The Lancet,Air pollution and health,2002,The Lancet [CrossRef],1.0
ok,efron1979,article,Bootstrap Methods: Another Look at the Jackknife,1979,10.1214/aos/1176344552,The Annals of Statistics,Bootstrap Methods: Another Look at the Jackknife,1979,The Annals of Statistics [CrossRef],1.0
ok,fawcett2006,article,An introduction to ROC analysis,2006,10.1016/j.patrec.2005.10.010,Pattern Recognition Letters,An introduction to ROC analysis,2006,Pattern Recognition Letters [CrossRef],1.0
ok,draxler2001,article,"Estimating PM10 air concentrations from dust storms in Iraq, Kuwait and Saudi Arabia",2001,10.1016/S1352-2310(01)00159-5,Atmospheric Environment,"Estimating PM10 air concentrations from dust storms in Iraq, Kuwait and Saudi Arabia",2001,Atmospheric Environment [CrossRef],1.0
ok,gandham2020,article,Major Changes in Extreme Dust Events Dynamics Over the Arabian Peninsula During 2003--2017 Driven by Atmospheric Conditions,2020,10.1029/2020JD032931,Journal of Geophysical Research: Atmospheres,Major Changes in Extreme Dust Events Dynamics Over the Arabian Peninsula During 2003–2017 Driven by Atmospheric Conditions,2020,Journal of Geophysical Research: Atmospheres [CrossRef],1.0
ok,gulf_dust_deposition2021,article,"Meteorological patterns, technical validation, and chemical comparison of atmospheric dust depositions and bulk sand in the Arabian Gulf region",2021,10.1016/j.envpol.2020.116190,Environmental Pollution,"Meteorological patterns, technical validation, and chemical comparison of atmospheric dust depositions and bulk sand in the Arabian Gulf region",2021,Environmental Pollution [CrossRef],1.0
ok,qatar_absorption2024,article,Contribution of black carbon and desert dust to aerosol absorption in the atmosphere of the Eastern Arabian Peninsula,2024,10.1016/j.atmosenv.2024.120427,Atmospheric Environment,Contribution of black carbon and desert dust to aerosol absorption in the atmosphere of the Eastern Arabian Peninsula,2024,Atmospheric Environment [CrossRef],1.0
ok,shahid2026,article,"Spatiotemporal Variability, Trends, and Projected Evolution of Aerosols over the Arabian Peninsula",2026,10.1007/s41748-026-01216-1,Earth Systems and Environment,"Spatiotemporal Variability, Trends, and Projected Evolution of Aerosols over the Arabian Peninsula",2026,Earth Systems and Environment [CrossRef],1.0
ok,hopke2026,article,Characterization and sources of PM10 in Kuwait,2026,10.1016/j.atmosenv.2026.122223,Atmospheric Environment,Characterization and sources of PM10 in Kuwait,2026,Atmospheric Environment [CrossRef],1.0
ok,gelaro2017,article,"The Modern-Era Retrospective Analysis for Research and Applications, Version 2 (MERRA-2)",2017,10.1175/JCLI-D-16-0758.1,Journal of Climate,"The Modern-Era Retrospective Analysis for Research and Applications, Version 2 (MERRA-2)",2017,Journal of Climate [CrossRef],1.0
ok,randles2017,article,"The MERRA-2 Aerosol Reanalysis, 1980 onward. Part I: System Description and Data Assimilation Evaluation",2017,10.1175/JCLI-D-16-0609.1,Journal of Climate,"The MERRA-2 Aerosol Reanalysis, 1980 Onward. Part I: System Description and Data Assimilation Evaluation",2017,Journal of Climate [CrossRef],1.0
ok,benjamini1995,article,Controlling the False Discovery Rate: A Practical and Powerful Approach to Multiple Testing,1995,10.1111/j.2517-6161.1995.tb02031.x,Journal of the Royal Statistical Society: Series B,Controlling the False Discovery Rate: A Practical and Powerful Approach to Multiple Testing,1995,Journal of the Royal Statistical Society Series B: Statistical Methodology [CrossRef],1.0
ok,wilcoxon1945,article,Individual Comparisons by Ranking Methods,1945,10.2307/3001968,Biometrics Bulletin,Individual Comparisons by Ranking Methods,1945,Biometrics Bulletin [CrossRef],1.0
ok,environ2025,article,Environmental drivers of Be-7 and K-40 deposition in South Korea: A regional analysis of meteorological and geological influences,2025,10.1016/j.jenvrad.2025.107725,Journal of Environmental Radioactivity,Environmental drivers of Be-7 and K-40 deposition in South Korea: A regional analysis of meteorological and geological influences,2025,Journal of Environmental Radioactivity [CrossRef],1.0
ok,kangfire2026,article,Open-set combustion-fingerprint classification with out-of-distribution alerting for environmental fire-hazard screening,2026,10.1016/j.jhazmat.2026.143199,Journal of Hazardous Materials,Open-set combustion-fingerprint classification with out-of-distribution alerting for environmental fire-hazard screening,2026,Journal of Hazardous Materials [CrossRef],1.0
ok,parkpsep2026,article,Rapid detection of hazardous chemical leaks in industrial facilities using a UAV--IMS system: Optimization of flight parameters for emergency response,2026,10.1016/j.psep.2026.108691,Process Safety and Environmental Protection,Rapid detection of hazardous chemical leaks in industrial facilities using a UAV–IMS system: Optimization of flight parameters for emergency response,2026,Process Safety and Environmental Protection [CrossRef],1.0
ok,eex2026,article,Integrated multi-endpoint hazard prioritization of unregulated industrial contaminants: A safety-first screening framework for emerging environmental threats,2026,10.1016/j.ecoenv.2026.120283,Ecotoxicology and Environmental Safety,Integrated multi-endpoint hazard prioritization of unregulated industrial contaminants: A safety-first screening framework for emerging environmental threats,2026,Ecotoxicology and Environmental Safety [CrossRef],1.0
ok,balloon2025,article,Enhancing asymmetric threat predictions via machine learning: insights from North Korea's trash balloon incidents,2025,10.1177/15485129251333468,Journal of Defense Modeling and Simulation,Enhancing asymmetric threat predictions via machine learning: insights from North Korea’s trash balloon incidents,2025,"The Journal of Defense Modeling and Simulation: Applications, Methodology, Technology [CrossRef]",1.0
ok,ondevice2025,article,Field-deployable real-time AI system for chemical warfare agent detection using YOLOv8 and colorimetric sensors,2025,10.1016/j.chemolab.2025.105365,Chemometrics and Intelligent Laboratory Systems,Field-deployable real-time AI System for chemical warfare agent detection using YOLOv8 and colorimetric sensors,2025,Chemometrics and Intelligent Laboratory Systems [CrossRef],1.0
ok,hazref2026,article,Machine learning-enhanced colorimetric sensor array for rapid detection of nerve agents,2026,10.1016/j.jhazmat.2025.140703,Journal of Hazardous Materials,Machine learning-enhanced colorimetric sensor array for rapid detection of nerve agents,2026,Journal of Hazardous Materials [CrossRef],1.0
ok,group3ref2026,article,Portable machine learning-integrated optical sensor array for rapid and selective detection of authentic Novichok nerve agents,2026,10.1016/j.snb.2026.139706,Sensors and Actuators B: Chemical,Portable machine learning–integrated optical sensor array for rapid and selective detection of authentic Novichok nerve agents,2026,Sensors and Actuators B: Chemical [CrossRef],1.0
ok,drift2026,article,Drift-Robust Lightweight Deep Learning on Open Gas Sensor Benchmarks: A Reproducible Architecture Study with CBRN Applicability Mapping,2026,10.3390/molecules31111884,Molecules,Drift-Robust Lightweight Deep Learning on Open Gas Sensor Benchmarks: A Reproducible Architecture Study with CBRN Applicability Mapping,2026,Molecules [CrossRef],1.0
ok,resil2026,article,"Resilient, offline decision support for radiological hazard mapping and trajectory-based dose assessment in network-denied, disrupted-response environments",2026,10.1016/j.pnucene.2026.106446,Progress in Nuclear Energy,"Resilient, offline decision support for radiological hazard mapping and trajectory-based dose assessment in network-denied, disrupted-response environments",2026,Progress in Nuclear Energy [CrossRef],1.0
ok,whitepowder2026,article,"A chemometrically validated, field-portable wet-chemical protocol for rapid triage of 15 white powder substances",2026,10.1039/d6an00467a,Analyst,"A chemometrically validated, field-portable wet-chemical protocol for rapid triage of 15 white powder substances",2026,The Analyst [CrossRef],1.0
ok,qsar2025,article,Hybrid QSAR modeling of LD50 in organophosphorus nerve agents: a mechanistic approach using DFT and molecular docking,2025,10.1016/j.comtox.2025.100363,Computational Toxicology,Hybrid QSAR modeling of LD50 in organophosphorus nerve agents: a mechanistic approach using DFT and molecular docking,2025,Computational Toxicology [CrossRef],1.0
ok,ticcwa2025,article,Chemical protective suit performance against TICs and CWAs: permeation resistance and PPE safety evaluation,2025,10.1016/j.nexres.2025.100688,Next Research,Chemical protective suit performance against TICs and CWAs: permeation resistance and PPE safety evaluation,2025,Next Research [CrossRef],1.0
ok,urine2026,article,Urine-Based Noninvasive Detection of Prostate Cancer Using Human Olfactory Receptor-Embedded Nanodiscs,2026,10.1021/acssensors.6c00794,ACS Sensors,Urine-Based Noninvasive Detection of Prostate Cancer Using Human Olfactory Receptor-Embedded Nanodiscs,2026,ACS Sensors [CrossRef],1.0
ok,namrubber2025,article,Radiation-induced degradation of butyl rubber,2025,10.1016/j.radphyschem.2025.113089,Radiation Physics and Chemistry,Radiation-induced degradation of butyl rubber: Impact on protection against chemical warfare agents,2025,Radiation Physics and Chemistry [CrossRef],1.0
ok,nitriding2024,article,To elucidate the effect of alloying elements for enhanced nitriding of aluminum: A multiscale computational study,2024,10.1016/j.matchemphys.2023.128727,Materials Chemistry and Physics,To elucidate the effect of alloying elements for enhanced nitriding of aluminum: A multiscale computational study,2024,Materials Chemistry and Physics [CrossRef],1.0
ok,yu2016,article,Climatology of summer Shamal wind in the Middle East,2016,10.1002/2015JD024063,Journal of Geophysical Research: Atmospheres,Climatology of summer Shamal wind in the Middle East,2016,Journal of Geophysical Research: Atmospheres [CrossRef],1.0
ok,ukhov2020,article,"Assessment of natural and anthropogenic aerosol air pollution in the Middle East using MERRA-2, CAMS data assimilation products, and high-resolution WRF-Chem model simulations",2020,10.5194/acp-20-9281-2020,Atmospheric Chemistry and Physics,"Assessment of natural and anthropogenic aerosol air pollution in the Middle East using MERRA-2, CAMS data assimilation products, and high-resolution WRF-Chem model simulations",2020,Atmospheric Chemistry and Physics [CrossRef],1.0
no_doi,whoaqg2021,misc,"{WHO} global air quality guidelines: particulate matter ({PM2.5} and {PM10}), ozone, nitrogen dioxide, sulfur dioxide and carbon monoxide",2021,,,,,,
ok,rapid2026,article,{RAPID}: a boundary-aware closed-form model for bead-based immunoassays,2026,10.1007/s44397-026-00038-0,Discover Sensors,RAPID: a boundary-aware closed-form model for bead-based immunoassays,2026,Discover Sensors [CrossRef],1.0
ok,gualtieri2025,article,Assessing capability of Copernicus Atmosphere Monitoring Service to forecast PM2.5 and PM10 hourly concentrations in a European air quality hotspot,2025,10.1016/j.apr.2025.102567,Atmospheric Pollution Research,Assessing capability of Copernicus Atmosphere Monitoring Service to forecast PM2.5 and PM10 hourly concentrations in a European air quality hotspot,2025,Atmospheric Pollution Research [CrossRef],1.0
ok,kaffashzadeh2024,article,Assessment of surface ozone products from downscaled CAMS reanalysis and CAMS daily forecast using urban air quality monitoring stations in Iran,2024,10.5194/gmd-17-4155-2024,Geoscientific Model Development,Assessment of surface ozone products from downscaled CAMS reanalysis and CAMS daily forecast using urban air quality monitoring stations in Iran,2024,Geoscientific Model Development [CrossRef],1.0
ok,tan2023,article,Assessment of Malaysia-wide PM2.5 Forecasts from a Global Model,2023,10.4209/aaqr.220444,Aerosol and Air Quality Research,Assessment of Malaysia-wide PM2.5 Forecasts from a Global Model,2023,Aerosol and Air Quality Research [CrossRef],1.0
ok,nassarden2025,article,Evaluation and calibration of MERRA-2 and CAMS reanalysis for PM2.5 in a semi-urbanized area in the south of the Amazon,2025,10.1007/s11869-025-01745-0,"Air Quality, Atmosphere and Health",Evaluation and calibration of MERRA-2 and CAMS reanalysis for PM2.5 in a semi-urbanized area in the south of the Amazon,2025,"Air Quality, Atmosphere &amp; Health [CrossRef]",1.0
ok,vitali2023,article,A standardized methodology for the validation of air quality forecast applications ({F-MQO}): lessons learnt from its application across Europe,2023,10.5194/gmd-16-6029-2023,Geoscientific Model Development,A standardized methodology for the validation of air quality forecast applications (F-MQO): lessons learnt from its application across Europe,2023,Geoscientific Model Development [CrossRef],1.0
ok,fang2023,article,A gridded air quality forecast through fusing site-available machine learning predictions from {RFSML} v1.0 and {CTM} results from {GEOS-Chem} v13.1.0,2023,10.5194/gmd-16-4867-2023,Geoscientific Model Development,A gridded air quality forecast through fusing site-available machine learning predictions from RFSML v1.0 and chemical transport model results from GEOS-Chem v13.1.0 using the ensemble Kalman filter,2023,Geoscientific Model Development [CrossRef],0.96
ok,ramos2026,article,{DustCast}: An Ensemble Machine Learning Model for Monthly Atmospheric Dust Aerosol Forecasting Across the Arabian Peninsula,2026,10.1002/met.70215,Meteorological Applications,"<scp>DustCast</scp>
                    : An Ensemble Machine Learning Model for Monthly Atmospheric Dust Aerosol Forecasting Across the Arabian Peninsula",2026,Meteorological Applications [CrossRef],1.0
ok,yeon2026,article,An Evaluation of the Current Short-term PM2.5 Forecasting Accuracy in Seoul,2026,10.1007/s13143-025-00426-3,Asia-Pacific Journal of Atmospheric Sciences,An Evaluation of the Current Short-term PM2.5 Forecasting Accuracy in Seoul,2026,Asia-Pacific Journal of Atmospheric Sciences [CrossRef],1.0
ok,mila2024proxies,article,Random forests with spatial proxies for environmental modelling: opportunities and pitfalls,2024,10.5194/gmd-17-6007-2024,Geosci. Model Dev.,Random forests with spatial proxies for environmental modelling: opportunities and pitfalls,2024,Geoscientific Model Development [CrossRef],1.0
ok,meyer2021aoa,article,Predicting into unknown space? Estimating the area of applicability of spatial prediction models,2021,10.1111/2041-210X.13650,Methods Ecol. Evol.,Predicting into unknown space? Estimating the area of applicability of spatial prediction models,2021,Methods in Ecology and Evolution [CrossRef],1.0
ok,ploton2020,article,Spatial validation reveals poor predictive performance of large-scale ecological mapping models,2020,10.1038/s41467-020-18321-y,Nat. Commun.,Spatial validation reveals poor predictive performance of large-scale ecological mapping models,2020,Nature Communications [CrossRef],1.0
ok,mila2022nndm,article,Nearest neighbour distance matching <scp>Leave‐One‐Out Cross‐Validation</scp> for map validation,2022,10.1111/2041-210X.13851,Methods Ecol. Evol.,"Nearest neighbour distance matching
                    <scp>Leave‐One‐Out Cross‐Validation</scp>
                    for map validation",2022,Methods in Ecology and Evolution [CrossRef],1.0
ok,wadoux2021,article,Spatial cross-validation is not the right way to evaluate map accuracy,2021,10.1016/j.ecolmodel.2021.109692,Ecol. Modell.,Spatial cross-validation is not the right way to evaluate map accuracy,2021,Ecological Modelling [CrossRef],1.0
ok,valavi2019blockcv,article,<scp>block</scp> <scp>CV</scp> : An <scp>r</scp> package for generating spatially or environmentally separated folds for <i>k</i> ‐fold cross‐validation of species distribution models,2019,10.1111/2041-210X.13107,Methods Ecol. Evol.,"<scp>block</scp>
                    <scp>CV</scp>
                    : An
                    <scp>r</scp>
                    package for generating spatially or environmentally separated folds for
                    <i>k</i>
                    ‐fold cross‐validation of species distribution models",2019,Methods in Ecology and Evolution [CrossRef],1.0
ok,linnenbrink2024,article,kNNDM CV: <i>k</i> -fold nearest-neighbour distance matching cross-validation for map accuracy estimation,2024,10.5194/gmd-17-5897-2024,Geosci. Model Dev.,"kNNDM CV:
                    <i>k</i>
                    -fold nearest-neighbour distance matching cross-validation for map accuracy estimation",2024,Geoscientific Model Development [CrossRef],1.0
ok,debruin2022,article,Dealing with clustered samples for assessing map accuracy by cross-validation,2022,10.1016/j.ecoinf.2022.101665,Ecol. Inform.,Dealing with clustered samples for assessing map accuracy by cross-validation,2022,Ecological Informatics [CrossRef],1.0
ok,brenning2023,article,Spatial machine-learning model diagnostics: a model-agnostic distance-based approach,2023,10.1080/13658816.2022.2131789,Int. J. Geogr. Inf. Sci.,Spatial machine-learning model diagnostics: a model-agnostic distance-based approach,2023,International Journal of Geographical Information Science [CrossRef],1.0
ok,karasiak2022,article,Spatial dependence between training and test sets: another pitfall of classification accuracy assessment in remote sensing,2022,10.1007/s10994-021-05972-1,Mach. Learn.,Spatial dependence between training and test sets: another pitfall of classification accuracy assessment in remote sensing,2022,Machine Learning [CrossRef],1.0
ok,maier2023,article,On how data are partitioned in model development and evaluation: Confronting the elephant in the room to enhance model generalization,2023,10.1016/j.envsoft.2023.105779,Environ. Model. Softw.,On how data are partitioned in model development and evaluation: Confronting the elephant in the room to enhance model generalization,2023,Environmental Modelling &amp; Software [CrossRef],1.0
ok,meyer2022global,article,Machine learning-based global maps of ecological variables and the challenge of assessing them,2022,10.1038/s41467-022-29838-9,Nat. Commun.,Machine learning-based global maps of ecological variables and the challenge of assessing them,2022,Nature Communications [CrossRef],1.0
ok,meyer2019predictors,article,Importance of spatial predictor variable selection in machine learning applications – Moving from data reproduction to spatial prediction,2019,10.1016/j.ecolmodel.2019.108815,Ecol. Modell.,Importance of spatial predictor variable selection in machine learning applications – Moving from data reproduction to spatial prediction,2019,Ecological Modelling [CrossRef],1.0
ok,roberts2017,article,"Cross‐validation strategies for data with temporal, spatial, hierarchical, or phylogenetic structure",2017,10.1111/ecog.02881,Ecography,"Cross‐validation strategies for data with temporal, spatial, hierarchical, or phylogenetic structure",2017,Ecography [CrossRef],1.0
ok,lerest2014,article,Spatial leave-one-out cross-validation for variable selection in the presence of spatial autocorrelation,2014,10.1111/geb.12161,Glob. Ecol. Biogeogr.,Spatial leave‐one‐out cross‐validation for variable selection in the presence of spatial autocorrelation,2014,Global Ecology and Biogeography [CrossRef],1.0
ok,pohjankukka2017,article,Estimating the prediction performance of spatial models via spatial k-fold cross validation,2017,10.1080/13658816.2017.1346255,Int. J. Geogr. Inf. Sci.,Estimating the prediction performance of spatial models via spatial k-fold cross validation,2017,International Journal of Geographical Information Science [CrossRef],1.0
ok,telford2009,article,Evaluation of transfer functions in spatially structured environments,2009,10.1016/j.quascirev.2008.12.020,Quat. Sci. Rev.,Evaluation of transfer functions in spatially structured environments,2009,Quaternary Science Reviews [CrossRef],1.0
ok,meyer2018llto,article,Improving performance of spatio-temporal machine learning models using forward feature selection and target-oriented validation,2018,10.1016/j.envsoft.2017.12.001,Environ. Model. Softw.,Improving performance of spatio-temporal machine learning models using forward feature selection and target-oriented validation,2018,Environmental Modelling &amp; Software [CrossRef],1.0
ok,lerch2017,article,Forecaster's Dilemma: Extreme Events and Forecast Evaluation,2017,10.1214/16-STS588,Stat. Sci.,Forecaster’s Dilemma: Extreme Events and Forecast Evaluation,2017,Statistical Science [CrossRef],1.0
ok,schaefer1990,article,The Critical Success Index as an Indicator of Warning Skill,1990,10.1175/1520-0434(1990)005<0570:TCSIAA>2.0.CO;2,Weather Forecast.,The Critical Success Index as an Indicator of Warning Skill,1990,Weather and Forecasting [CrossRef],1.0
ok,emery2017,article,Recommendations on statistics and benchmarks to assess photochemical model performance,2017,10.1080/10962247.2016.1265027,J. Air Waste Manag. Assoc.,Recommendations on statistics and benchmarks to assess photochemical model performance,2017,Journal of the Air &amp; Waste Management Association [CrossRef],1.0
ok,gelman2006,article,The Difference Between ``Significant'' and ``Not Significant'' is not Itself Statistically Significant,2006,10.1198/000313006X152649,The American Statistician,The Difference Between “Significant” and “Not Significant” is not Itself Statistically Significant,2006,The American Statistician [CrossRef],1.0
