pol,st,n,mae_new,mae_ref,max_abs_diff,mean_abs_diff
pm25,Dhahran,960,11.435905451575914,11.435905453562736,2.288818359375e-05,1.1205673219360276e-06
pm25,Doha,960,13.218407540520031,13.218407430251439,1.52587890625e-05,1.1076529823171466e-06
pm25,Jeddah,960,9.911702750126521,9.911702703436216,1.1444091796875e-05,9.179115296698403e-07
pm25,KuwaitCity,960,22.28857702255249,22.28857711295287,3.0517578125e-05,1.876552899912454e-06
pm25,Manama,960,17.167670246362686,17.167670347690585,4.577636718927636e-05,1.7623106640248998e-06
pm10,pm10_369953,352,8.230887965722518,8.230888166210867,1.52587890625e-05,1.5443021601838538e-06
pm10,pm10_369954,776,10.94547388725674,10.9454737889398,6.103515625e-05,2.143309288633696e-06
pm10,pm10_369955,464,9.128235648418295,9.128235336007743,1.9073486328125e-05,1.7758073479502652e-06
pm10,pm10_369957,448,53.62810588734491,53.62810588734491,0.0003662109375,1.3385500227021507e-05
pm10,pm10_369958,472,21.041538343591206,21.041538489066948,3.0517578125e-05,3.2812862075685936e-06
pm10,pm10_369959,376,9.296215554501147,9.296215584937562,1.52587890625e-05,1.4913843035468199e-06
pm10,pm10_369960,632,13.52557993538772,13.525580197949953,1.5258789069605427e-05,2.031084857685051e-06
pm10,pm10_369961,384,15.53926020860672,15.539259711901346,3.0517578125e-05,2.443790435995677e-06
pm10,pm10_369962,752,11.939993744200848,11.939993858337402,3.0517578125e-05,1.884521322253014e-06
pm10,pm10_369963,432,5.705267155611956,5.70526729689704,3.814697265625e-05,1.6777603716029108e-06
pm10,pm10_369965,696,6.657234635846368,6.657234981142241,3.0517578125e-05,1.496282117275079e-06
pm10,pm10_369966,576,10.10290981001324,10.10290922721227,2.2888183595526357e-05,1.6291936240892751e-06
pm10,pm10_369967,344,9.30226439653441,9.302264402079027,2.288818359375e-05,1.580216163935731e-06
pm10,pm10_369968,600,11.516162061691285,11.516161511739096,4.57763671875e-05,2.3937225343316492e-06
pm10,pm10_369969,704,8.16286577148871,8.162865860895677,1.52587890625e-05,1.2273138221593369e-06
pm10,pm10_369971,544,10.440683750545277,10.440684276468614,3.0517578125e-05,1.3674006744360436e-06
pm10,pm10_369972,520,10.27500928732065,10.27500962477464,3.0517578125e-05,1.4378474310848062e-06
pm10,pm10_369973,400,25.90058797836304,25.90058790206909,9.1552734375e-05,7.705688476686038e-06
pm10,pm10_369974,448,43.34434338978359,43.34434069905962,0.00018310546875,6.369182042162463e-06
