file,value,matched,sources,context
main_ems.tex,1300,False,,"No upper concentration cap was applied to \pmten{}: a fixed ceiling appropriate to fine particulate matter would delete genuine Gulf haboob peaks, and the record's largest event (15 consecutive hours above 1{,}300~\ugm{}"
main_ems.tex,38730,False,,"This yielded approximately $1.16\times10^{5}$ quality-controlled hourly \pmtf{} records, which reduce to $38{,}730$ matched three-hourly \pmtf{} samples (and $20{,}818$ for \pmten{}; Figure~ d); rolling-origin evaluation"
main_ems.tex,167,False,,August 2023 was the highest-concentration month in the record (station mean $167$~\ugm) but falls outside the benchmark window because its observational coverage cannot satisfy the context-completeness requirement; the c
main_ems.tex,440,False,,"Persistence, which requires a defined immediately preceding observation, is scored on the $9{,}480$ of $9{,}920$ \pmten{} points where one exists; the $440$ excluded points follow a data gap and are the cases least favou"
main_ems.tex,653,False,,"A Kuwait City dust storm illustrates the limitation of purely autoregressive nowcasting (Figure~ c): observations surged to $653$~\ugm{} while the foundation-model forecast, anchored near a recent baseline of $\sim$15~\u"
main_ems.tex,369959,False,,"the six folds nearly empty at every station, because the record has months with no observations at all --- at station 369959, for instance, they hold 9, 4 and 7 points --- so a nominal six-fold control was really three-f"
main_ems.tex,369959,False,,"the panel shows station 369959, where they held 9, 4 and 7 points."
SI_ems.tex,-999,False,,"Sentinel ($-999$) and negative values were removed; no upper concentration cap was applied, so the record's largest \pmten{} value ($2{,}978$~\si{\micro\gram\per\cubic\metre} at E11 Road on 2023-09-15) is retained, and r"
SI_ems.tex,230,False,,"After quality control this yields $4{,}800$ ($\text{PM}_{2.5}$) and $9{,}920$ ($\text{PM}_{10}$) evaluated forecast points overall, of which $230$ and $446$ fall in the top-5\% extreme subset."
SI_ems.tex,545,False,,"Because both guidelines are exceeded at a high base rate ($545/600=90.8\%$ for \pmtf{}, $1119/1240=90.2\%$ for \pmten{}), an always-alarm rule already attains CSI $0.91$ and $0.90$ respectively; chance-corrected scores d"
SI_ems.tex,600,False,,"Because both guidelines are exceeded at a high base rate ($545/600=90.8\%$ for \pmtf{}, $1119/1240=90.2\%$ for \pmten{}), an always-alarm rule already attains CSI $0.91$ and $0.90$ respectively; chance-corrected scores d"
SI_ems.tex,1119,False,,"Because both guidelines are exceeded at a high base rate ($545/600=90.8\%$ for \pmtf{}, $1119/1240=90.2\%$ for \pmten{}), an always-alarm rule already attains CSI $0.91$ and $0.90$ respectively; chance-corrected scores d"
SI_ems.tex,1240,False,,"Because both guidelines are exceeded at a high base rate ($545/600=90.8\%$ for \pmtf{}, $1119/1240=90.2\%$ for \pmten{}), an always-alarm rule already attains CSI $0.91$ and $0.90$ respectively; chance-corrected scores d"
SI_ems.tex,1185,False,,"Row sample sizes differ where a reference is undefined at some origins (persistence $N=1185$ for \pmten{}, others $N=1240$), so chance-corrected scores are computed on each method's own valid set."
SI_ems.tex,1240,False,,"Row sample sizes differ where a reference is undefined at some origins (persistence $N=1185$ for \pmten{}, others $N=1240$), so chance-corrected scores are computed on each method's own valid set."
SI_ems.tex,1240,False,,"1240 origin-level 24-h means, 90.2\%); an always-alarm reference would therefore have POD 1.00, FAR 0.10 and CSI 0.90. Against this high-base-rate reference, the mechanistic field detects only about seven of ten 24-h exc"
SI_ems.tex,920,False,,"The reanalysis CI differs slightly from Table~S2 because the operational-forecast comparison was bootstrapped as an independent matched-table run around the same 9,920 targets."
SI_ems.tex,127,False,,"The total-dust scenario uses $\text{DUSMASS}+\text{SSSMASS}+\text{BCSMASS}+1.4\,\text{OCSMASS}+1.375\,\text{SO4SMASS}$ ($\times10^{9}$ to \si{\micro\gram\per\cubic\metre}); because total dust includes coarse particles be"
SI_ems.tex,9872,False,,"On the same $9{,}872$ matched forecast points, bias-corrected MERRA-2 \pmten{} MAE spans $25.9$ (PM$_{2.5}$-mode scenario) to $101$~\ugm{} (total-dust scenario)."
SI_ems.tex,9872,False,,"} MAE (\si{\micro\gram\per\cubic\metre}) with station cluster-bootstrap 95\% intervals and mean bias, on the same $9{,}872$ matched \pmten{} forecast points (48 of the $9{,}920$ benchmark points lack a MERRA-2 value with"
SI_ems.tex,300,False,,"teps use fixed, recorded seeds (0 unless stated): the gradient-boosting transfer (\texttt{HistGradientBoostingRegressor}, 300 iterations, learning rate 0.05, max depth 6) and every bootstrap within a given table-generati"
SI_ems.tex,2001,False,,", 2001; Gandham and Hoteit, 2020), so a global CTM inherits a structural under-prediction of coarse dust at monitors (network-mean bias $-23.6$~\ugm{} here, with the largest deficits at urban and roadside sites) that ass"
SI_ems.tex,2006,False,,"significant and not significant is not itself significant (Gelman and Stern, 2006)."
SI_ems.tex,2006,False,,"This is the comparison the manuscript reports, in place of contrasting each specification's separate verdict against zero, which is not a comparison of the two (Gelman and Stern, 2006)."
cover_letter_EMS.tex,106124,False,,", 2024, \textit{EMS} 178, 106124)."
