source,kind,reference,exists,target_caption,target_file
SI_ems.tex,figure,figure 4,True,"Three conventions inside the audit, each of which decides the verdict.",Fig4.png
SI_ems.tex,figure,figure 4,True,"Three conventions inside the audit, each of which decides the verdict.",Fig4.png
SI_ems.tex,figure,figure S1,True,The CAMS operational forecast behaves like the reanalysis (\pmten{,FigS1.png
SI_ems.tex,figure,figure S1,True,The CAMS operational forecast behaves like the reanalysis (\pmten{,FigS1.png
SI_ems.tex,figure,figure S1,True,The CAMS operational forecast behaves like the reanalysis (\pmten{,FigS1.png
SI_ems.tex,figure,figure S1,True,The CAMS operational forecast behaves like the reanalysis (\pmten{,FigS1.png
main_ems.tex,figure,figure S1,True,The CAMS operational forecast behaves like the reanalysis (\pmten{,FigS1.png
main_ems.tex,figure,figure S2,True,"Detection, separated by threshold type.",FigS2.png
SI_ems.tex,table,table S1,True,"Monitoring-station inventory: pollutant, coordinates, observation period, number of matched three-hourly samples, and me",
SI_ems.tex,table,table S11,True,"Independent-family cross-check. TimesFM (Google, decoder-only) was run zero-shot as a spot-check at six sites (three PM$",
SI_ems.tex,table,table S12,True,Proper WHO 24-h mean guideline exceedance detection.,
SI_ems.tex,table,table S12,True,Proper WHO 24-h mean guideline exceedance detection.,
SI_ems.tex,table,table S12,True,Proper WHO 24-h mean guideline exceedance detection.,
SI_ems.tex,table,table S12,True,Proper WHO 24-h mean guideline exceedance detection.,
SI_ems.tex,table,table S12,True,Proper WHO 24-h mean guideline exceedance detection.,
SI_ems.tex,table,table S13,True,"Additional error metrics (all events), reported to complement MAE. RMSE and mean bias expose dust-peak behaviour (raw CA",
SI_ems.tex,table,table S13,True,"Additional error metrics (all events), reported to complement MAE. RMSE and mean bias expose dust-peak behaviour (raw CA",
SI_ems.tex,table,table S14,True,Operational-forecast comparison (\pmten{,
SI_ems.tex,table,table S14,True,Operational-forecast comparison (\pmten{,
SI_ems.tex,table,table S14,True,Operational-forecast comparison (\pmten{,
SI_ems.tex,table,table S15,True,Cross-region robustness.,
SI_ems.tex,table,table S15,True,Cross-region robustness.,
SI_ems.tex,table,table S15,True,Cross-region robustness.,
SI_ems.tex,table,table S15,True,Cross-region robustness.,
SI_ems.tex,table,table S16,True,Episode-block bootstrap (\pmten{,
SI_ems.tex,table,table S16,True,Episode-block bootstrap (\pmten{,
SI_ems.tex,table,table S17,True,Representativeness bound (\pmten{,
SI_ems.tex,table,table S17,True,Representativeness bound (\pmten{,
SI_ems.tex,table,table S18,True,The headline survives on well-represented stations (\pmten{,
SI_ems.tex,table,table S18,True,The headline survives on well-represented stations (\pmten{,
SI_ems.tex,table,table S18,True,The headline survives on well-represented stations (\pmten{,
SI_ems.tex,table,table S19,True,Independent-model cross-check (\pmten{,
SI_ems.tex,table,table S19,True,Independent-model cross-check (\pmten{,
SI_ems.tex,table,table S19,True,Independent-model cross-check (\pmten{,
SI_ems.tex,table,table S2,True,"Benchmark MAE (\si{\micro\gram\per\cubic\metre}) with bootstrap 95\% confidence intervals, all events and extreme (top 5",
SI_ems.tex,table,table S2,True,"Benchmark MAE (\si{\micro\gram\per\cubic\metre}) with bootstrap 95\% confidence intervals, all events and extreme (top 5",
SI_ems.tex,table,table S2,True,"Benchmark MAE (\si{\micro\gram\per\cubic\metre}) with bootstrap 95\% confidence intervals, all events and extreme (top 5",
SI_ems.tex,table,table S2,True,"Benchmark MAE (\si{\micro\gram\per\cubic\metre}) with bootstrap 95\% confidence intervals, all events and extreme (top 5",
SI_ems.tex,table,table S2,True,"Benchmark MAE (\si{\micro\gram\per\cubic\metre}) with bootstrap 95\% confidence intervals, all events and extreme (top 5",
SI_ems.tex,table,table S20,True,Stability of the cold-start transfer under source-set resampling.,
SI_ems.tex,table,table S21,True,Feature ablation: where the coordinate-free gain comes from (\pmten{,
SI_ems.tex,table,table S24,True,Two further controls (\pmten{,
SI_ems.tex,table,table S24,True,Two further controls (\pmten{,
SI_ems.tex,table,table S25,True,Learner sensitivity of the audit (full control: distance buffer $+$ time blocks $+$ guard band).,
SI_ems.tex,table,table S26,True,Grid-origin sensitivity of the leave-one-grid-cell-out stage.,
SI_ems.tex,table,table S27,True,Nearest-neighbour distance structure of the buffer ladder.,
SI_ems.tex,table,table S28,True,Area of applicability of the cold-start correction.,
SI_ems.tex,table,table S29,True,"The two feature sets under three inference units (100~km buffer, full three-fold control), and the paired comparison between them.",
SI_ems.tex,table,table S30,True,"The paired comparison across the buffer ladder, corrected as a family.",
SI_ems.tex,table,table S30,True,"The paired comparison across the buffer ladder, corrected as a family.",
SI_ems.tex,table,table S31,True,Cell-resolved transfer gain at a 100~km buffer under the full control.,
SI_ems.tex,table,table S31,True,Cell-resolved transfer gain at a 100~km buffer under the full control.,
SI_ems.tex,table,table S33,True,Repeated values separate by concentration.,
SI_ems.tex,table,table S33,True,Repeated values separate by concentration.,
SI_ems.tex,table,table S6,True,"The audit ladder, with the guard band as the contrast.",
SI_ems.tex,table,table S6,True,"The audit ladder, with the guard band as the contrast.",
SI_ems.tex,table,table S6,True,"The audit ladder, with the guard band as the contrast.",
SI_ems.tex,table,table S6,True,"The audit ladder, with the guard band as the contrast.",
SI_ems.tex,table,table S6,True,"The audit ladder, with the guard band as the contrast.",
SI_ems.tex,table,table S6,True,"The audit ladder, with the guard band as the contrast.",
SI_ems.tex,table,table S6,True,"The audit ladder, with the guard band as the contrast.",
SI_ems.tex,table,table S6,True,"The audit ladder, with the guard band as the contrast.",
SI_ems.tex,table,table S8,True,Paired effect sizes for key model comparisons (unit: station); positive Cohen's $d_z$ favours the first model. $p$ is a,
SI_ems.tex,table,table S9,True,"Detection skill for \emph{instantaneous three-hourly} concentration tiers (operational alert proxies, \emph{not} formal",
SI_ems.tex,table,table S9,True,"Detection skill for \emph{instantaneous three-hourly} concentration tiers (operational alert proxies, \emph{not} formal",
main_ems.tex,table,table S1,True,"Monitoring-station inventory: pollutant, coordinates, observation period, number of matched three-hourly samples, and me",
main_ems.tex,table,table S10,True,Pooled zero-observation cold-start MAE (\si{\micro\gram\per\cubic\metre}) with station cluster-bootstrap 95\% intervals:,
main_ems.tex,table,table S11,True,"Independent-family cross-check. TimesFM (Google, decoder-only) was run zero-shot as a spot-check at six sites (three PM$",
main_ems.tex,table,table S11,True,"Independent-family cross-check. TimesFM (Google, decoder-only) was run zero-shot as a spot-check at six sites (three PM$",
main_ems.tex,table,table S13,True,"Additional error metrics (all events), reported to complement MAE. RMSE and mean bias expose dust-peak behaviour (raw CA",
main_ems.tex,table,table S13,True,"Additional error metrics (all events), reported to complement MAE. RMSE and mean bias expose dust-peak behaviour (raw CA",
main_ems.tex,table,table S14,True,Operational-forecast comparison (\pmten{,
main_ems.tex,table,table S14,True,Operational-forecast comparison (\pmten{,
main_ems.tex,table,table S16,True,Episode-block bootstrap (\pmten{,
main_ems.tex,table,table S18,True,The headline survives on well-represented stations (\pmten{,
main_ems.tex,table,table S19,True,Independent-model cross-check (\pmten{,
main_ems.tex,table,table S2,True,"Benchmark MAE (\si{\micro\gram\per\cubic\metre}) with bootstrap 95\% confidence intervals, all events and extreme (top 5",
main_ems.tex,table,table S2,True,"Benchmark MAE (\si{\micro\gram\per\cubic\metre}) with bootstrap 95\% confidence intervals, all events and extreme (top 5",
main_ems.tex,table,table S21,True,Feature ablation: where the coordinate-free gain comes from (\pmten{,
main_ems.tex,table,table S23,True,Is the transfer gain predicted by the target's own CAMS bias?,
main_ems.tex,table,table S30,True,"The paired comparison across the buffer ladder, corrected as a family.",
main_ems.tex,table,table S30,True,"The paired comparison across the buffer ladder, corrected as a family.",
main_ems.tex,table,table S31,True,Cell-resolved transfer gain at a 100~km buffer under the full control.,
main_ems.tex,table,table S31,True,Cell-resolved transfer gain at a 100~km buffer under the full control.,
main_ems.tex,table,table S33,True,Repeated values separate by concentration.,
main_ems.tex,table,table S33,True,Repeated values separate by concentration.,
main_ems.tex,table,table S33,True,Repeated values separate by concentration.,
main_ems.tex,table,table S33,True,Repeated values separate by concentration.,
main_ems.tex,table,table S6,True,"The audit ladder, with the guard band as the contrast.",
main_ems.tex,table,table S6,True,"The audit ladder, with the guard band as the contrast.",
main_ems.tex,table,table S6,True,"The audit ladder, with the guard band as the contrast.",
main_ems.tex,table,table S6,True,"The audit ladder, with the guard band as the contrast.",
main_ems.tex,table,table S6,True,"The audit ladder, with the guard band as the contrast.",
main_ems.tex,table,table S7,True,"Per-station zero-observation cold-start transfer for the PM$_{10}$ network (leave-one-station-out, all other 18 stations",
main_ems.tex,table,table S7,True,"Per-station zero-observation cold-start transfer for the PM$_{10}$ network (leave-one-station-out, all other 18 stations",
main_ems.tex,table,table S7,True,"Per-station zero-observation cold-start transfer for the PM$_{10}$ network (leave-one-station-out, all other 18 stations",
main_ems.tex,table,table S7,True,"Per-station zero-observation cold-start transfer for the PM$_{10}$ network (leave-one-station-out, all other 18 stations",
