,cams,obs,resid
2022-10-29 15:00:00,182.41644,66.0,-116.41644287109376
2022-10-29 18:00:00,139.4228,67.0,-72.42280578613281
2022-11-01 06:00:00,72.85303,71.0,-1.85302734375
2022-11-01 09:00:00,78.55078,71.0,-7.55078125
2022-11-01 12:00:00,57.436184,72.0,14.56381607055664
2022-11-01 18:00:00,66.50362,71.0,4.496383666992188
2022-11-02 06:00:00,46.415607,62.0,15.584392547607422
2022-11-02 09:00:00,34.36094,60.0,25.639060974121094
2022-11-02 12:00:00,39.62896,59.0,19.37104034423828
2022-11-02 15:00:00,39.623615,58.0,18.376384735107425
2022-11-02 18:00:00,54.674274,56.0,1.325725555419922
2022-11-03 06:00:00,70.59862,57.0,-13.598617553710938
2022-11-03 09:00:00,73.02583,57.0,-16.025833129882812
2022-11-03 12:00:00,59.819626,58.0,-1.8196258544921875
2022-11-03 15:00:00,52.31908,59.0,6.680919647216797
2022-11-03 18:00:00,57.19005,65.0,7.809951782226562
2022-11-04 06:00:00,96.48352,119.0,22.5164794921875
2022-11-04 09:00:00,65.575935,118.0,52.42406463623047
2022-11-04 12:00:00,39.27346,116.0,76.7265396118164
2022-11-04 15:00:00,37.114204,120.0,82.88579559326172
2022-11-04 18:00:00,44.69257,126.0,81.30743026733398
2022-11-05 15:00:00,67.1165,85.0,17.883499145507812
2022-11-05 18:00:00,72.58393,71.0,-1.5839309692382812
2022-11-08 06:00:00,98.79045,98.0,-0.7904510498046875
2022-11-08 09:00:00,103.77585,99.0,-4.775848388671875
2022-11-08 12:00:00,77.37936,100.0,22.620643615722656
2022-11-08 15:00:00,60.802902,103.0,42.19709777832031
2022-11-08 18:00:00,65.982025,109.0,43.017974853515625
2022-11-11 06:00:00,67.65026,61.0,-6.650260925292969
2022-11-11 09:00:00,69.76074,62.0,-7.7607421875
2022-11-11 12:00:00,45.66368,65.0,19.33631896972656
2022-11-11 15:00:00,64.82196,68.0,3.17803955078125
2022-11-11 18:00:00,80.040085,71.0,-9.040084838867188
2022-11-12 06:00:00,35.26384,78.0,42.73616027832031
2022-11-12 09:00:00,44.532497,77.0,32.46750259399414
2022-11-12 12:00:00,62.892696,76.0,13.107303619384766
2022-11-12 15:00:00,67.289536,73.0,5.710464477539063
2022-11-12 18:00:00,69.51359,72.0,2.486412048339844
2022-11-13 06:00:00,38.88317,66.0,27.11682891845703
2022-11-13 09:00:00,48.122272,61.0,12.877727508544922
2022-11-13 12:00:00,56.9662,57.0,0.0337982177734375
2022-11-13 15:00:00,93.12794,56.0,-37.12793731689453
2022-11-13 18:00:00,50.29142,56.0,5.708580017089844
2022-11-14 06:00:00,16.444403,52.0,35.55559730529785
2022-11-14 09:00:00,74.5946,54.0,-20.59459686279297
2022-11-14 12:00:00,146.57622,56.0,-90.5762176513672
2022-11-14 15:00:00,177.26529,58.0,-119.26528930664062
2022-11-14 18:00:00,94.382355,59.0,-35.382354736328125
2022-11-18 06:00:00,81.66785,52.0,-29.6678466796875
2022-11-18 09:00:00,85.10028,54.0,-31.10028076171875
2022-11-18 12:00:00,33.506126,55.0,21.493873596191406
2022-11-18 15:00:00,37.497784,56.0,18.502216339111328
2022-11-18 18:00:00,44.506577,57.0,12.493423461914062
2022-11-21 06:00:00,72.66715,58.0,-14.667152404785156
2022-11-21 09:00:00,107.89239,55.0,-52.89238739013672
2022-11-21 12:00:00,141.322,49.0,-92.32200622558594
2022-11-21 15:00:00,145.44235,42.0,-103.44235229492188
2022-11-21 18:00:00,86.753975,38.0,-48.75397491455078
2022-11-24 06:00:00,8.527422,62.0,53.472578048706055
2022-11-24 09:00:00,38.590317,63.0,24.409683227539062
2022-11-24 12:00:00,41.40077,62.0,20.599231719970703
2022-11-24 15:00:00,55.718372,61.0,5.281627655029297
2022-11-24 18:00:00,49.95036,60.0,10.049640655517578
2022-11-25 06:00:00,32.439857,34.0,1.5601425170898438
2022-11-25 09:00:00,40.95409,32.0,-8.954090118408203
2022-11-25 12:00:00,18.240826,32.0,13.759174346923828
2022-11-25 15:00:00,52.21,31.0,-21.209999084472656
2022-11-25 18:00:00,57.033504,31.0,-26.033504486083984
2022-11-26 06:00:00,11.84253,35.0,23.157469749450684
2022-11-26 09:00:00,31.123932,36.0,4.876068115234375
2022-11-26 12:00:00,60.91511,37.0,-23.915111541748047
2022-11-26 15:00:00,78.062386,37.0,-41.06238555908203
2022-11-26 18:00:00,61.569153,39.0,-22.56915283203125
2022-11-28 06:00:00,47.864204,65.0,17.13579559326172
2022-11-28 09:00:00,80.27462,67.0,-13.274620056152344
2022-11-28 12:00:00,127.386444,66.0,-61.38644409179688
2022-11-28 15:00:00,153.01373,61.0,-92.01373291015624
2022-11-28 18:00:00,104.50708,57.0,-47.507080078125
2022-12-02 06:00:00,69.846695,52.0,-17.846694946289062
2022-12-02 09:00:00,97.73589,50.0,-47.73589324951172
2022-12-02 12:00:00,121.94209,49.0,-72.94209289550781
2022-12-02 15:00:00,126.1119,50.0,-76.11190032958984
2022-12-02 18:00:00,92.06781,51.0,-41.06781005859375
2022-12-05 06:00:00,56.955345,44.0,-12.955345153808594
2022-12-05 09:00:00,44.611225,45.0,0.3887748718261719
2022-12-05 12:00:00,67.65367,45.0,-22.65367126464844
2022-12-05 15:00:00,65.28592,44.0,-21.285919189453125
2022-12-05 18:00:00,58.296165,43.0,-15.296165466308594
2022-12-06 06:00:00,16.143702,44.0,27.856298446655277
2022-12-06 09:00:00,42.19146,43.0,0.8085403442382812
2022-12-06 12:00:00,43.3036,43.0,-0.3036003112792969
2022-12-06 15:00:00,39.448082,42.0,2.551918029785156
2022-12-06 18:00:00,44.89516,42.0,-2.895160675048828
2022-12-09 06:00:00,59.796436,48.0,-11.796436309814451
2022-12-09 09:00:00,75.721115,44.0,-31.721115112304688
2022-12-09 12:00:00,113.0187,43.0,-70.0186996459961
2022-12-09 15:00:00,180.66293,45.0,-135.66293334960938
2022-12-09 18:00:00,116.56675,44.0,-72.5667495727539
2022-12-10 06:00:00,40.09803,40.0,-0.0980300903320312
2022-12-10 09:00:00,106.8289,40.0,-66.82890319824219
2022-12-10 12:00:00,164.11264,42.0,-122.11264038085938
2022-12-10 15:00:00,183.8971,49.0,-134.8970947265625
2022-12-10 18:00:00,150.91655,57.0,-93.9165496826172
2022-12-11 06:00:00,105.83875,73.0,-32.83875274658203
2022-12-11 09:00:00,102.33021,76.0,-26.33020782470703
2022-12-11 12:00:00,113.778015,75.0,-38.77801513671875
2022-12-11 15:00:00,153.39879,67.0,-86.39878845214844
2022-12-11 18:00:00,102.090324,58.0,-44.09032440185547
2022-12-12 06:00:00,79.38309,51.0,-28.383087158203125
2022-12-12 09:00:00,53.803432,49.0,-4.803432464599609
2022-12-12 12:00:00,73.064026,49.0,-24.06402587890625
2022-12-12 15:00:00,90.1747,50.0,-40.17469787597656
2022-12-12 18:00:00,61.147263,49.0,-12.147262573242188
2022-12-13 06:00:00,42.11233,40.0,-2.11233139038086
2022-12-13 09:00:00,31.913145,38.0,6.086854934692383
2022-12-13 12:00:00,32.068443,37.0,4.931556701660156
2022-12-13 15:00:00,40.631676,33.0,-7.631675720214844
2022-12-13 18:00:00,38.75334,31.0,-7.753341674804687
2022-12-14 06:00:00,30.384058,28.0,-2.3840579986572266
2022-12-14 09:00:00,30.947718,28.0,-2.947717666625977
2022-12-14 12:00:00,41.65213,29.0,-12.652130126953123
2022-12-14 15:00:00,41.61029,32.0,-9.61029052734375
2022-12-14 18:00:00,43.80172,34.0,-9.801719665527344
2022-12-16 06:00:00,50.054153,39.0,-11.054153442382812
2022-12-16 09:00:00,49.793358,41.0,-8.793357849121094
2022-12-16 12:00:00,67.13424,40.0,-27.134239196777344
2022-12-16 15:00:00,78.928734,39.0,-39.9287338256836
2022-12-16 18:00:00,68.34546,40.0,-28.345458984375
2022-12-18 06:00:00,96.39632,48.0,-48.39631652832031
2022-12-18 09:00:00,100.086655,49.0,-51.08665466308594
2022-12-18 12:00:00,125.59303,52.0,-73.59303283691406
2022-12-18 18:00:00,105.94158,53.0,-52.94158172607422
2022-12-19 06:00:00,100.38173,55.0,-45.38172912597656
2022-12-19 09:00:00,98.49953,57.0,-41.49952697753906
2022-12-19 12:00:00,94.71705,58.0,-36.71704864501953
2022-12-19 15:00:00,138.03389,57.0,-81.03388977050781
2022-12-19 18:00:00,104.919426,58.0,-46.91942596435547
2022-12-22 06:00:00,26.882162,86.0,59.11783790588379
2022-12-22 09:00:00,33.023296,76.0,42.97670364379883
2022-12-22 12:00:00,41.220913,75.0,33.77908706665039
2022-12-22 15:00:00,46.075912,67.0,20.924087524414062
2022-12-22 18:00:00,47.79315,65.0,17.20684814453125
2022-12-24 06:00:00,147.2091,52.0,-95.2091064453125
2022-12-24 09:00:00,150.83128,61.0,-89.83128356933594
2022-12-24 12:00:00,86.27399,83.0,-3.27398681640625
2022-12-24 15:00:00,62.26867,90.0,27.73133087158203
2022-12-24 18:00:00,59.824287,95.0,35.17571258544922
2022-12-25 06:00:00,67.239395,97.0,29.76060485839844
2022-12-25 09:00:00,79.69095,92.0,12.309051513671877
2022-12-25 12:00:00,114.70513,69.0,-45.70513153076172
2022-12-25 15:00:00,177.35464,61.0,-116.35464477539062
2022-12-25 18:00:00,118.384834,59.0,-59.38483428955078
2022-12-26 06:00:00,47.81975,46.0,-1.819751739501953
2022-12-26 12:00:00,67.161865,37.0,-30.161865234375
2022-12-26 15:00:00,173.68541,36.0,-137.68540954589844
2022-12-26 18:00:00,134.07156,36.0,-98.07156372070312
2022-12-27 06:00:00,36.281563,38.0,1.7184371948242188
2022-12-27 18:00:00,44.947227,45.0,0.0527725219726562
2022-12-28 06:00:00,104.12145,32.0,-72.12145233154297
2022-12-28 09:00:00,201.73247,37.0,-164.7324676513672
2022-12-28 12:00:00,255.06342,48.0,-207.06341552734372
2022-12-28 15:00:00,177.34221,59.0,-118.34220886230467
2022-12-28 18:00:00,90.63308,54.0,-36.633079528808594
2022-12-29 06:00:00,99.076485,79.0,-20.07648468017578
2022-12-29 09:00:00,126.69909,82.0,-44.69908905029297
2022-12-29 12:00:00,135.32553,77.0,-58.325531005859375
2022-12-29 15:00:00,137.96683,73.0,-64.96682739257812
2022-12-29 18:00:00,77.7668,68.0,-9.766799926757812
2022-12-30 06:00:00,33.069454,54.0,20.93054580688477
2022-12-30 09:00:00,45.620823,48.0,2.37917709350586
2022-12-30 12:00:00,106.54537,42.0,-64.54537200927734
2022-12-30 15:00:00,171.49364,35.0,-136.49363708496094
2022-12-30 18:00:00,110.893555,29.0,-81.8935546875
2022-12-31 06:00:00,35.947098,23.0,-12.947097778320312
2022-12-31 09:00:00,68.53378,23.0,-45.533782958984375
2022-12-31 12:00:00,93.353836,25.0,-68.35383605957031
2022-12-31 15:00:00,111.77883,29.0,-82.7788314819336
2022-12-31 18:00:00,63.856873,30.0,-33.85687255859375
2023-01-02 09:00:00,103.60077,30.0,-73.60076904296875
2023-01-02 12:00:00,137.55385,33.0,-104.55384826660156
2023-01-02 15:00:00,203.16542,37.0,-166.16542053222656
2023-01-02 18:00:00,139.10255,40.0,-99.10255432128906
2023-01-04 06:00:00,26.608177,82.0,55.391822814941406
2023-01-04 09:00:00,25.811914,78.0,52.18808555603027
2023-01-04 12:00:00,45.244633,71.0,25.75536727905273
2023-01-04 15:00:00,44.38209,39.0,-5.382091522216797
2023-01-04 18:00:00,44.508396,28.0,-16.50839614868164
2023-01-05 06:00:00,99.87662,34.0,-65.87661743164062
2023-01-05 09:00:00,118.885284,42.0,-76.88528442382812
2023-01-05 12:00:00,84.33085,55.0,-29.330848693847656
2023-01-05 15:00:00,59.99118,68.0,8.008819580078125
2023-01-05 18:00:00,66.25123,75.0,8.748771667480469
2023-01-06 06:00:00,92.00085,90.0,-2.0008468627929688
2023-01-06 09:00:00,88.92266,87.0,-1.9226608276367188
2023-01-06 12:00:00,67.78328,79.0,11.216720581054688
2023-01-06 15:00:00,89.16413,67.0,-22.16413116455078
2023-01-06 18:00:00,119.49942,62.0,-57.499420166015625
2023-01-07 06:00:00,57.192665,62.0,4.807334899902344
2023-01-07 09:00:00,59.06941,66.0,6.930591583251953
2023-01-07 12:00:00,35.215748,66.0,30.784252166748047
2023-01-07 15:00:00,113.5204,68.0,-45.52040100097656
2023-01-07 18:00:00,136.12816,67.0,-69.12815856933594
2023-01-09 06:00:00,35.754967,26.0,-9.754966735839844
2023-01-09 09:00:00,49.8153,28.0,-21.81529998779297
2023-01-10 06:00:00,189.7555,33.0,-156.7554931640625
2023-01-10 09:00:00,201.5978,72.0,-129.59779357910156
2023-01-10 12:00:00,190.50105,115.0,-75.50105285644531
2023-01-10 15:00:00,305.64456,137.0,-168.64456176757812
2023-04-16 21:00:00,85.33448,74.0,-11.334480285644531
2023-04-17 00:00:00,41.65213,72.0,30.347869873046875
2023-04-17 03:00:00,51.802998,71.0,19.197002410888672
2023-04-17 06:00:00,71.71252,69.0,-2.7125167846679688
2023-06-08 21:00:00,86.39517,67.0,-19.395172119140625
2023-06-09 00:00:00,111.940605,69.0,-42.94060516357422
2023-06-09 03:00:00,106.9302,70.0,-36.9301986694336
2023-06-09 06:00:00,116.00992,72.0,-44.00991821289063
2023-06-26 00:00:00,122.077835,167.0,44.92216491699219
2023-06-26 03:00:00,116.099045,183.0,66.90095520019531
2023-06-26 06:00:00,149.3961,199.0,49.60389709472656
2023-08-24 21:00:00,81.07076,109.0,27.929237365722656
2023-08-25 00:00:00,123.69401,113.0,-10.694007873535156
2023-08-25 03:00:00,108.09754,117.0,8.902458190917969
2023-08-25 06:00:00,155.70186,125.0,-30.70185852050781
2023-08-25 09:00:00,128.54549,120.0,-8.545486450195312
2023-08-25 12:00:00,106.61188,115.0,8.38812255859375
2023-08-25 15:00:00,122.441635,107.0,-15.441635131835938
2023-08-25 21:00:00,97.25329,101.0,3.7467117309570312
2023-08-26 00:00:00,84.836754,99.0,14.163246154785156
2023-08-26 03:00:00,79.32067,96.0,16.67932891845703
2023-08-26 06:00:00,92.827576,86.0,-6.82757568359375
2023-08-26 09:00:00,83.93772,90.0,6.062278747558594
2023-08-26 12:00:00,96.60971,91.0,-5.609710693359375
2023-08-26 15:00:00,138.17453,91.0,-47.17453002929688
2023-08-26 18:00:00,134.0452,97.0,-37.045196533203125
2023-08-26 21:00:00,99.69017,97.0,-2.690170288085937
2023-08-27 00:00:00,97.00239,96.0,-1.0023880004882812
2023-08-27 03:00:00,87.32968,97.0,9.670318603515623
2023-08-27 06:00:00,111.30078,95.0,-16.30078125
2023-08-27 09:00:00,112.70413,94.0,-18.704132080078125
2023-08-27 12:00:00,141.05807,95.0,-46.05807495117188
2023-08-27 15:00:00,222.8162,101.0,-121.81619262695312
2023-08-27 18:00:00,191.98523,107.0,-84.9852294921875
2023-08-27 21:00:00,133.18004,111.0,-22.18003845214844
2023-08-28 00:00:00,64.25102,107.0,42.74897766113281
2023-08-28 03:00:00,50.609287,110.0,59.39071273803711
2023-08-28 06:00:00,60.076218,113.0,52.92378234863281
2023-08-28 09:00:00,51.529697,110.0,58.47030258178711
2023-08-28 12:00:00,75.48579,108.0,32.51421356201172
2023-08-28 15:00:00,204.48079,102.0,-102.48078918457033
2023-08-28 18:00:00,180.31505,99.0,-81.31504821777344
2023-08-28 21:00:00,95.10813,99.0,3.8918685913085938
2023-08-29 00:00:00,24.736437,103.0,78.26356315612793
2023-08-29 03:00:00,41.10734,97.0,55.89265823364258
2023-08-29 06:00:00,34.80591,91.0,56.194091796875
2023-08-29 09:00:00,42.41929,88.0,45.580711364746094
2023-08-29 12:00:00,38.610325,83.0,44.38967514038086
2023-08-29 18:00:00,84.13417,78.0,-6.1341705322265625
2023-08-29 21:00:00,68.99882,73.0,4.001182556152344
2023-08-30 00:00:00,116.25116,63.0,-53.25115966796875
2023-08-30 03:00:00,116.40168,61.0,-55.40167999267578
2023-08-30 06:00:00,139.32822,62.0,-77.32821655273438
2023-08-30 09:00:00,131.85355,69.0,-62.853546142578125
2023-08-30 12:00:00,83.8204,75.0,-8.820396423339844
2023-08-30 15:00:00,143.99985,80.0,-63.999847412109375
2023-08-30 21:00:00,126.22695,78.0,-48.22695159912109
2023-08-31 00:00:00,94.70341,77.0,-17.703407287597656
2023-08-31 03:00:00,78.290215,75.0,-3.2902145385742188
2023-08-31 06:00:00,93.82597,73.0,-20.825973510742188
2023-08-31 09:00:00,87.44928,71.0,-16.44927978515625
2023-08-31 12:00:00,97.46327,70.0,-27.46327209472656
2023-08-31 15:00:00,258.91153,70.0,-188.9115295410156
2023-08-31 21:00:00,129.29968,74.0,-55.2996826171875
2023-09-01 03:00:00,77.39845,80.0,2.601547241210937
2023-09-01 06:00:00,86.729645,83.0,-3.729644775390625
2023-09-01 09:00:00,103.013916,81.0,-22.013916015625
2023-09-01 12:00:00,157.41103,81.0,-76.41102600097656
2023-09-01 15:00:00,207.33841,79.0,-128.33840942382812
2023-09-01 21:00:00,76.1695,74.0,-2.169502258300781
2023-09-02 00:00:00,20.480911,67.0,46.51908874511719
2023-09-02 03:00:00,24.018847,62.0,37.98115348815918
2023-09-02 06:00:00,7.4219317,56.0,48.578068256378174
2023-09-02 09:00:00,31.947365,52.0,20.052635192871094
2023-09-02 12:00:00,104.558464,47.0,-57.55846405029297
2023-09-02 15:00:00,189.89522,44.0,-145.8952178955078
2023-09-02 21:00:00,78.5235,43.0,-35.52349853515625
2023-09-03 00:00:00,56.05102,44.0,-12.051021575927734
2023-09-03 03:00:00,69.979706,47.0,-22.979705810546875
2023-09-03 06:00:00,106.552536,49.0,-57.55253601074219
2023-09-03 09:00:00,75.26614,51.0,-24.266143798828125
2023-09-03 12:00:00,71.99151,54.0,-17.99150848388672
2023-09-03 15:00:00,160.17952,58.0,-102.17951965332033
2023-09-03 21:00:00,109.77078,64.0,-45.770782470703125
2023-09-04 00:00:00,96.86301,69.0,-27.863006591796875
2023-09-04 03:00:00,74.00104,72.0,-2.00103759765625
2023-09-04 06:00:00,109.735535,75.0,-34.73553466796875
2023-09-04 09:00:00,128.19965,81.0,-47.19964599609375
2023-09-04 12:00:00,111.79941,89.0,-22.79940795898437
2023-09-04 15:00:00,136.52744,96.0,-40.527435302734375
2023-09-04 21:00:00,100.133095,101.0,0.8669052124023438
2023-09-05 00:00:00,55.834335,103.0,47.16566467285156
2023-09-05 03:00:00,52.08494,105.0,52.91505813598633
2023-09-05 06:00:00,78.199265,106.0,27.80073547363281
2023-09-05 09:00:00,87.64073,104.0,16.359268188476562
2023-09-05 12:00:00,84.066414,98.0,13.933586120605469
2023-09-05 15:00:00,174.56842,93.0,-81.56842041015625
2023-09-05 21:00:00,126.04471,87.0,-39.044708251953125
2023-09-06 00:00:00,160.37769,83.0,-77.377685546875
2023-09-06 03:00:00,142.21973,79.0,-63.2197265625
2023-09-06 06:00:00,151.93314,76.0,-75.93313598632812
2023-09-06 09:00:00,139.50978,74.0,-65.50978088378906
2023-09-06 12:00:00,99.586945,73.0,-26.586944580078125
2023-09-06 15:00:00,91.69207,71.0,-20.69207000732422
2023-09-06 18:00:00,110.74235,70.0,-40.74234771728516
2023-09-06 21:00:00,96.86005,72.0,-24.86004638671875
2023-09-07 00:00:00,84.892235,75.0,-9.892234802246094
2023-09-07 03:00:00,93.81983,79.0,-14.819831848144531
2023-09-07 06:00:00,139.0581,83.0,-56.05810546875
2023-09-07 09:00:00,107.421326,85.0,-22.42132568359375
2023-09-07 12:00:00,75.67019,86.0,10.329811096191406
2023-09-07 15:00:00,113.074524,86.0,-27.07452392578125
2023-09-07 21:00:00,73.75183,91.0,17.2481689453125
2023-09-08 00:00:00,111.49268,90.0,-21.49268341064453
2023-09-08 03:00:00,132.06284,92.0,-40.062835693359375
2023-09-08 06:00:00,161.30162,92.0,-69.30162048339844
2023-09-08 09:00:00,133.33578,93.0,-40.335784912109375
2023-09-08 12:00:00,101.76882,93.0,-8.768821716308594
2023-09-08 15:00:00,128.1046,92.0,-36.10459899902344
2023-09-08 21:00:00,79.20255,97.0,17.797447204589844
2023-09-09 00:00:00,65.229416,99.0,33.77058410644531
2023-09-09 03:00:00,80.11921,100.0,19.88079071044922
2023-09-09 06:00:00,93.93671,99.0,5.06329345703125
2023-09-09 09:00:00,69.42219,97.0,27.57781219482422
2023-09-09 12:00:00,99.76475,97.0,-2.7647476196289062
2023-09-09 15:00:00,162.26431,101.0,-61.26431274414063
2023-09-09 21:00:00,67.832504,92.0,24.167495727539062
2023-09-10 00:00:00,37.340214,86.0,48.659786224365234
2023-09-10 03:00:00,64.18759,82.0,17.812408447265625
2023-09-10 06:00:00,47.23347,79.0,31.766529083251957
2023-09-10 09:00:00,79.47256,77.0,-2.4725570678710938
2023-09-10 12:00:00,86.52296,76.0,-10.522956848144531
2023-09-10 15:00:00,115.489914,73.0,-42.48991394042969
2023-09-10 18:00:00,68.705734,72.0,3.2942657470703125
2023-09-10 21:00:00,49.054962,70.0,20.945037841796875
2023-09-11 00:00:00,94.75434,68.0,-26.75434112548828
2023-09-11 03:00:00,84.327896,66.0,-18.327896118164062
2023-09-11 06:00:00,94.51651,63.0,-31.516510009765625
2023-09-11 09:00:00,65.575935,61.0,-4.575935363769531
2023-09-11 12:00:00,31.485798,60.0,28.51420211791992
2023-09-12 06:00:00,59.080776,57.0,-2.0807762145996094
2023-09-12 09:00:00,75.969185,55.0,-20.96918487548828
2023-09-12 12:00:00,49.02313,50.0,0.9768714904785156
2023-09-12 15:00:00,77.33274,45.0,-32.332740783691406
2023-09-12 21:00:00,61.826084,45.0,-16.82608413696289
2023-09-13 00:00:00,75.01512,48.0,-27.015121459960938
2023-09-13 03:00:00,72.36577,51.0,-21.365768432617188
2023-09-13 06:00:00,76.28023,58.0,-18.28022766113281
2023-09-13 09:00:00,78.01441,61.0,-17.01441192626953
2023-09-13 12:00:00,75.45941,65.0,-10.45941162109375
2023-09-13 15:00:00,130.97292,67.0,-63.97291564941406
2023-09-13 21:00:00,79.85409,71.0,-8.854087829589844
2023-09-14 00:00:00,53.790016,79.0,25.209983825683597
2023-09-14 03:00:00,56.775776,86.0,29.22422409057617
2023-09-14 06:00:00,57.902527,92.0,34.09747314453125
2023-09-14 09:00:00,59.287346,95.0,35.71265411376953
2023-09-14 12:00:00,85.501144,97.0,11.498855590820312
2023-09-14 15:00:00,168.37453,99.0,-69.37452697753906
2023-09-14 21:00:00,97.62834,106.0,8.371658325195312
2023-09-15 00:00:00,81.0229,114.0,32.97709655761719
2023-09-15 03:00:00,82.62259,119.0,36.37741088867188
2023-09-15 06:00:00,85.51933,124.0,38.48066711425781
2023-09-15 09:00:00,105.313576,127.0,21.686424255371094
2023-09-15 12:00:00,171.09006,128.0,-43.09005737304688
2023-09-15 15:00:00,266.72568,132.0,-134.72567749023438
2023-09-15 18:00:00,207.30203,138.0,-69.30203247070312
2023-09-15 21:00:00,135.31143,142.0,6.688568115234375
2023-09-16 00:00:00,119.80865,247.0,127.19135284423828
2023-09-16 03:00:00,96.10835,258.0,161.8916473388672
2023-09-16 06:00:00,102.76289,259.0,156.2371063232422
2023-09-16 09:00:00,141.02762,267.0,125.97238159179688
2023-09-16 12:00:00,201.82188,270.0,68.17811584472656
2023-09-16 15:00:00,294.87,280.0,-14.8699951171875
2023-09-17 00:00:00,72.42488,200.0,127.57511901855467
2023-09-17 03:00:00,72.4217,138.0,65.57830047607422
2023-09-17 06:00:00,81.88999,129.0,47.110008239746094
2023-09-17 09:00:00,104.65147,118.0,13.348533630371094
2023-09-17 12:00:00,162.94734,115.0,-47.94734191894531
2023-09-17 15:00:00,235.09892,112.0,-123.0989227294922
2023-09-17 18:00:00,156.08066,110.0,-46.080657958984375
2023-09-17 21:00:00,92.36021,106.0,13.639793395996094
2023-09-18 00:00:00,112.24836,104.0,-8.248359680175781
2023-09-18 03:00:00,97.40461,101.0,3.5953903198242188
2023-09-18 06:00:00,107.09004,101.0,-6.0900421142578125
2023-09-18 09:00:00,92.98378,102.0,9.016220092773438
2023-09-18 12:00:00,98.38186,101.0,2.6181411743164062
2023-09-18 15:00:00,202.51855,92.0,-110.5185546875
2023-09-18 18:00:00,147.54005,87.0,-60.54005432128906
2023-09-18 21:00:00,83.345184,88.0,4.654815673828125
2023-09-19 00:00:00,69.71868,90.0,20.28131866455078
2023-09-19 12:00:00,69.77666,95.0,25.22334289550781
2023-09-19 15:00:00,128.16986,100.0,-28.16986083984375
2023-09-19 18:00:00,163.17267,104.0,-59.17266845703125
2023-09-19 21:00:00,126.95637,109.0,-17.95636749267578
2023-09-20 00:00:00,133.86465,113.0,-20.864654541015625
2023-09-20 03:00:00,126.57642,121.0,-5.576423645019531
2023-09-20 06:00:00,137.66032,129.0,-8.660324096679688
2023-09-20 09:00:00,114.58212,146.0,31.417877197265625
2023-09-20 12:00:00,123.5511,149.0,25.448898315429688
2023-09-20 15:00:00,136.77925,148.0,11.220748901367188
2023-09-20 18:00:00,157.64738,149.0,-8.647384643554688
2023-09-20 21:00:00,129.65324,146.0,16.346755981445312
2023-09-21 00:00:00,148.25742,143.0,-5.257415771484375
2023-09-21 03:00:00,115.885994,143.0,27.11400604248047
2023-09-21 06:00:00,128.05208,141.0,12.947921752929688
2023-09-21 09:00:00,132.5834,122.0,-10.583404541015623
2023-09-21 12:00:00,122.36546,115.0,-7.3654632568359375
2023-09-21 15:00:00,153.67743,112.0,-41.67742919921875
2023-09-21 18:00:00,104.70842,109.0,4.2915802001953125
2023-09-21 21:00:00,67.74167,102.0,34.258331298828125
2023-09-22 00:00:00,30.232286,95.0,64.76771354675293
2023-09-22 03:00:00,37.26632,84.0,46.733680725097656
2023-09-22 06:00:00,25.058397,81.0,55.94160270690918
2023-09-22 09:00:00,60.514366,79.0,18.485633850097656
2023-09-22 12:00:00,117.520355,75.0,-42.520355224609375
2023-09-22 15:00:00,177.62114,72.0,-105.6211395263672
2023-09-22 18:00:00,111.60319,70.0,-41.60318756103516
2023-09-22 21:00:00,58.247677,71.0,12.752323150634766
2023-09-23 00:00:00,98.83638,73.0,-25.83638000488281
2023-09-23 03:00:00,86.57298,75.0,-11.572982788085938
2023-09-23 09:00:00,124.430244,76.0,-48.43024444580078
2023-09-23 12:00:00,76.984406,79.0,2.015594482421875
2023-09-23 15:00:00,71.722755,82.0,10.277244567871094
2023-09-23 18:00:00,75.18338,83.0,7.816619873046875
2023-09-23 21:00:00,64.53047,88.0,23.469528198242188
2023-09-24 00:00:00,52.28503,93.0,40.714969635009766
2023-09-24 03:00:00,60.53415,102.0,41.465850830078125
2023-09-24 06:00:00,96.79934,105.0,8.200660705566406
2023-09-24 09:00:00,97.78114,114.0,16.218856811523438
2023-09-24 12:00:00,72.20797,120.0,47.792030334472656
2023-09-24 15:00:00,86.7758,124.0,37.22419738769531
2023-09-24 18:00:00,83.50116,126.0,42.49884033203125
2023-09-24 21:00:00,68.75098,128.0,59.2490234375
2023-09-25 00:00:00,116.69272,126.0,9.307281494140623
2023-09-25 03:00:00,101.78587,122.0,20.214126586914062
2023-09-26 06:00:00,43.907677,118.0,74.09232330322266
2023-09-26 12:00:00,37.285645,105.0,67.71435546875
2023-09-26 15:00:00,67.491554,96.0,28.508445739746094
2023-09-27 06:00:00,158.48843,94.0,-64.48843383789062
2023-09-27 09:00:00,117.77877,96.0,-21.778770446777344
2023-09-27 12:00:00,99.9039,103.0,3.096099853515625
2023-09-27 15:00:00,80.633125,109.0,28.36687469482422
2023-09-28 00:00:00,113.26256,98.0,-15.262557983398438
2023-09-28 03:00:00,126.17545,94.0,-32.17545318603516
2023-09-28 06:00:00,165.43015,89.0,-76.43014526367188
2023-09-28 09:00:00,146.62192,86.0,-60.621917724609375
2023-09-28 12:00:00,97.408134,84.0,-13.40813446044922
2023-09-28 15:00:00,113.993225,82.0,-31.99322509765625
2023-09-29 06:00:00,38.230724,102.0,63.7692756652832
2023-09-29 09:00:00,46.571587,103.0,56.42841339111328
2023-09-29 12:00:00,73.90588,103.0,29.0941162109375
2023-09-29 18:00:00,118.66223,104.0,-14.6622314453125
2023-09-30 03:00:00,76.858665,93.0,16.141334533691406
2023-09-30 06:00:00,93.05847,88.0,-5.0584716796875
2023-09-30 09:00:00,67.21086,84.0,16.789138793945312
2023-09-30 12:00:00,63.752224,80.0,16.24777603149414
2023-09-30 15:00:00,128.06737,79.0,-49.06736755371094
2023-10-01 09:00:00,74.62904,73.0,-1.6290435791015625
2023-10-01 12:00:00,114.25573,75.0,-39.25572967529297
2023-10-01 15:00:00,159.35893,78.0,-81.35893249511719
2023-10-01 21:00:00,60.060074,91.0,30.939926147460938
2023-10-02 00:00:00,94.32802,95.0,0.6719818115234375
2023-10-02 03:00:00,80.48778,102.0,21.512222290039062
2023-10-02 06:00:00,64.0249,109.0,44.97509765625
2023-10-02 09:00:00,77.146866,113.0,35.85313415527344
2023-10-02 12:00:00,117.06891,114.0,-3.06890869140625
2023-10-02 15:00:00,161.48271,111.0,-50.48271179199219
2023-10-02 18:00:00,123.4813,107.0,-16.481300354003906
2023-10-03 03:00:00,61.43682,92.0,30.56317901611328
2023-10-03 06:00:00,47.607388,88.0,40.39261245727539
2023-10-03 09:00:00,38.576218,85.0,46.42378234863281
2023-10-03 12:00:00,43.000797,85.0,41.99920272827149
2023-10-03 15:00:00,73.96488,83.0,9.035118103027344
2023-10-03 21:00:00,86.76329,78.0,-8.763290405273438
2023-10-04 00:00:00,65.856514,78.0,12.14348602294922
2023-10-04 03:00:00,57.555496,79.0,21.444503784179688
2023-10-04 06:00:00,48.98908,81.0,32.010921478271484
2023-10-04 09:00:00,27.616068,80.0,52.38393211364746
2023-10-04 12:00:00,52.371204,79.0,26.628795623779297
2023-10-04 15:00:00,91.68491,79.0,-12.684913635253906
2023-10-04 21:00:00,95.86733,81.0,-14.867332458496094
2023-10-05 00:00:00,102.689,80.0,-22.689002990722656
2023-10-05 03:00:00,92.86032,81.0,-11.860321044921877
2023-10-05 06:00:00,104.134926,78.0,-26.13492584228516
2023-10-05 09:00:00,116.20568,75.0,-41.20568084716797
2023-10-05 12:00:00,154.41151,72.0,-82.41151428222656
2023-10-05 15:00:00,231.68958,72.0,-159.6895751953125
2023-10-06 03:00:00,99.95029,71.0,-28.95028686523437
2023-10-06 06:00:00,112.806786,68.0,-44.806785583496094
2023-10-06 09:00:00,204.17656,70.0,-134.1765594482422
2023-10-06 12:00:00,273.44812,112.0,-161.4481201171875
2023-10-06 15:00:00,235.59312,161.0,-74.59312438964844
2023-10-06 18:00:00,144.00098,160.0,15.9990234375
2023-10-06 21:00:00,126.250824,157.0,30.749176025390625
2023-10-07 00:00:00,133.53156,152.0,18.46844482421875
2023-10-07 03:00:00,95.1884,150.0,54.81159973144531
2023-10-07 06:00:00,69.927635,151.0,81.0723648071289
2023-10-07 09:00:00,64.923256,150.0,85.07674407958984
2023-10-07 12:00:00,34.836147,111.0,76.16385269165039
2023-10-07 18:00:00,69.171165,57.0,-12.171165466308594
2023-10-08 03:00:00,43.989986,67.0,23.010013580322266
2023-10-08 06:00:00,42.03946,70.0,27.96054077148437
2023-10-08 09:00:00,44.149715,73.0,28.850284576416016
2023-10-08 12:00:00,42.88097,76.0,33.1190299987793
2023-10-08 18:00:00,113.233,77.0,-36.233001708984375
2023-10-09 03:00:00,53.39791,81.0,27.602088928222656
2023-10-09 06:00:00,80.09738,81.0,0.902618408203125
2023-10-09 09:00:00,67.5534,80.0,12.44660186767578
2023-10-09 12:00:00,77.34616,79.0,1.653839111328125
2023-10-09 15:00:00,128.42178,77.0,-51.421783447265625
2023-10-10 06:00:00,90.50007,77.0,-13.50006866455078
2023-10-10 09:00:00,78.39787,78.0,-0.3978729248046875
2023-10-10 12:00:00,49.629307,79.0,29.37069320678711
2023-10-10 18:00:00,69.4555,81.0,11.54450225830078
2023-10-10 21:00:00,64.444405,79.0,14.55559539794922
2023-10-11 03:00:00,43.417458,76.0,32.582542419433594
2023-10-11 06:00:00,39.725704,75.0,35.274295806884766
2023-10-11 09:00:00,34.31569,73.0,38.68431091308594
2023-10-11 12:00:00,54.350266,71.0,16.649734497070312
2023-10-11 18:00:00,76.277954,69.0,-7.2779541015625
2023-10-12 09:00:00,56.314434,66.0,9.685565948486328
2023-10-12 12:00:00,55.249302,64.0,8.75069808959961
2023-10-12 18:00:00,85.00137,63.0,-22.001373291015625
2023-10-13 03:00:00,19.811523,57.0,37.1884765625
2023-10-13 06:00:00,19.48024,54.0,34.51976013183594
2023-10-13 09:00:00,48.95958,52.0,3.0404205322265625
2023-10-13 12:00:00,86.19543,52.0,-34.19542694091797
2023-10-13 18:00:00,110.72006,50.0,-60.720062255859375
2023-10-13 21:00:00,64.59959,52.0,-12.599586486816406
2023-10-14 00:00:00,79.74313,54.0,-25.743133544921875
2023-10-14 03:00:00,68.48359,57.0,-11.48358917236328
2023-10-14 06:00:00,70.97356,59.0,-11.973556518554688
2023-10-14 12:00:00,94.02606,61.0,-33.02606201171875
2023-10-15 21:00:00,73.081535,63.0,-10.081535339355469
2023-10-16 03:00:00,49.98617,67.0,17.01382827758789
2023-10-26 09:00:00,54.792736,54.0,-0.7927360534667969
2023-10-26 12:00:00,52.6494,57.0,4.350601196289063
2023-10-26 18:00:00,80.918655,57.0,-23.91865539550781
2023-10-26 21:00:00,57.62831,69.0,11.371688842773438
2023-10-27 00:00:00,64.627785,81.0,16.372215270996094
2023-10-27 03:00:00,60.94706,91.0,30.052940368652344
2023-10-27 06:00:00,60.306435,100.0,39.69356536865234
2023-10-27 09:00:00,73.15021,104.0,30.84979248046875
2023-10-27 12:00:00,77.701546,107.0,29.29845428466797
2023-10-27 18:00:00,76.2584,107.0,30.741600036621094
2023-10-27 21:00:00,47.815773,92.0,44.184226989746094
2023-10-28 00:00:00,50.918514,75.0,24.081485748291016
2023-10-28 03:00:00,44.829903,59.0,14.17009735107422
2023-10-28 06:00:00,33.831497,45.0,11.168502807617188
2023-10-28 09:00:00,32.083336,37.0,4.916664123535156
2023-10-28 12:00:00,53.070496,33.0,-20.07049560546875
2023-10-28 18:00:00,71.821205,31.0,-40.82120513916016
2023-10-28 21:00:00,51.686584,30.0,-21.68658447265625
2023-10-29 00:00:00,63.390415,30.0,-33.39041519165039
2023-10-29 03:00:00,54.408245,31.0,-23.40824508666992
2023-10-29 06:00:00,49.45878,32.0,-17.458778381347656
2023-10-29 09:00:00,54.054565,33.0,-21.0545654296875
2023-10-29 12:00:00,35.815445,35.0,-0.8154449462890625
2023-10-29 18:00:00,51.17499,37.0,-14.174991607666016
2023-10-29 21:00:00,48.26779,39.0,-9.267791748046877
2023-10-30 00:00:00,50.72252,41.0,-9.722518920898438
2023-10-30 03:00:00,59.677402,43.0,-16.67740249633789
2023-10-30 06:00:00,71.34418,44.0,-27.34417724609375
2023-10-30 09:00:00,53.431107,44.0,-9.431106567382812
2023-10-30 12:00:00,63.460903,43.0,-20.46090316772461
2023-10-30 15:00:00,94.396,42.0,-52.39600372314453
2023-10-30 18:00:00,129.82196,42.0,-87.82196044921875
2023-10-30 21:00:00,117.99784,43.0,-74.99784088134766
2023-10-31 00:00:00,128.80537,43.0,-85.80537414550781
2023-10-31 03:00:00,111.62411,41.0,-70.62410736083984
2023-10-31 06:00:00,105.34552,40.0,-65.34552001953125
2023-10-31 21:00:00,78.405266,37.0,-41.40526580810547
2023-11-01 00:00:00,71.39261,37.0,-34.392608642578125
2023-11-01 03:00:00,63.786045,40.0,-23.78604507446289
2023-11-01 06:00:00,56.753265,43.0,-13.753265380859377
2023-11-01 09:00:00,45.16551,46.0,0.8344917297363281
2023-11-01 12:00:00,44.0715,48.0,3.928501129150391
2023-11-01 18:00:00,74.845505,48.0,-26.845504760742188
2023-11-01 21:00:00,72.64953,49.0,-23.64952850341797
2023-11-02 00:00:00,66.735085,49.0,-17.735084533691406
2023-11-02 03:00:00,60.633396,48.0,-12.63339614868164
2023-11-02 06:00:00,67.23587,46.0,-21.235870361328125
2023-11-02 09:00:00,59.090668,44.0,-15.090667724609377
2023-11-02 12:00:00,50.42682,43.0,-7.42681884765625
2023-11-03 00:00:00,98.17586,45.0,-53.17585754394531
2023-11-03 12:00:00,60.776073,48.0,-12.776073455810549
2023-11-03 18:00:00,94.56926,48.0,-46.56925964355469
2023-11-03 21:00:00,67.37537,53.0,-14.3753662109375
2023-11-04 00:00:00,35.606716,54.0,18.39328384399414
2023-11-04 03:00:00,36.57624,53.0,16.42375946044922
2023-11-04 06:00:00,51.192387,52.0,0.8076133728027344
2023-11-04 09:00:00,88.52692,52.0,-36.52691650390625
2023-11-04 12:00:00,116.9119,51.0,-65.91190338134766
2023-11-04 18:00:00,103.82064,51.0,-52.82064056396485
2023-11-04 21:00:00,68.35944,46.0,-22.35944366455078
2023-11-05 00:00:00,101.04941,43.0,-58.049407958984375
2023-11-05 03:00:00,89.695274,41.0,-48.695274353027344
2023-11-05 18:00:00,62.185337,39.0,-23.18533706665039
2023-11-05 21:00:00,48.393303,36.0,-12.393302917480469
2023-11-06 00:00:00,23.961548,34.0,10.0384521484375
2023-11-06 03:00:00,26.874205,33.0,6.125795364379883
2023-11-06 06:00:00,19.959658,33.0,13.040342330932615
2023-11-06 21:00:00,53.419624,32.0,-21.41962432861328
2023-11-07 00:00:00,57.49189,32.0,-25.49188995361328
2023-11-07 03:00:00,54.823433,33.0,-21.82343292236328
2023-11-07 06:00:00,41.69806,34.0,-7.69805908203125
2023-11-07 12:00:00,84.66509,35.0,-49.66509246826172
2023-11-07 18:00:00,84.09597,35.0,-49.095970153808594
2023-11-07 21:00:00,58.10307,38.0,-20.10306930541992
2023-11-08 00:00:00,56.038517,40.0,-16.038516998291016
2023-11-08 03:00:00,56.613773,41.0,-15.613773345947266
2023-11-08 06:00:00,58.427757,42.0,-16.427757263183594
2023-11-08 09:00:00,58.78644,44.0,-14.786441802978516
2023-11-08 12:00:00,71.17455,45.0,-26.17455291748047
2023-11-08 15:00:00,126.42818,45.0,-81.42817687988281
2023-11-09 06:00:00,59.8302,48.0,-11.8302001953125
2023-11-09 09:00:00,42.564865,48.0,5.4351348876953125
2023-11-09 12:00:00,35.427776,47.0,11.572223663330078
2023-11-09 15:00:00,56.531006,47.0,-9.531005859375
2023-11-09 18:00:00,76.28523,45.0,-31.285232543945312
2023-11-09 21:00:00,67.58637,44.0,-23.58637237548828
2023-11-10 00:00:00,89.660034,43.0,-46.6600341796875
2023-11-10 03:00:00,83.15544,41.0,-42.15544128417969
2023-11-10 06:00:00,94.47297,40.0,-54.47296905517578
2023-11-10 09:00:00,69.71231,40.0,-29.712310791015625
2023-11-10 12:00:00,31.473974,39.0,7.526025772094727
2023-11-10 15:00:00,55.14164,39.0,-16.141639709472656
2023-11-11 12:00:00,56.042892,36.0,-20.042892456054688
2023-11-11 18:00:00,87.29558,37.0,-50.29557800292969
2023-11-11 21:00:00,75.377556,36.0,-39.37755584716797
2023-11-12 00:00:00,74.792755,35.0,-39.792755126953125
2023-11-12 06:00:00,55.72906,31.0,-24.729061126708984
2023-11-12 09:00:00,48.70901,29.0,-19.70901107788086
2023-11-12 12:00:00,42.5091,28.0,-14.50910186767578
2023-11-12 15:00:00,60.34429,28.0,-32.34429168701172
2023-11-13 18:00:00,49.555866,28.0,-21.55586624145508
2023-11-13 21:00:00,40.251278,29.0,-11.251277923583984
2023-11-14 00:00:00,18.548689,29.0,10.451311111450195
2023-11-14 06:00:00,12.1627865,31.0,18.83721351623535
2023-11-15 12:00:00,70.25994,38.0,-32.25994110107422
2023-11-15 15:00:00,54.294334,40.0,-14.294334411621094
2023-11-15 18:00:00,56.73428,42.0,-14.73427963256836
2023-11-15 21:00:00,70.42036,42.0,-28.42035675048828
2023-11-16 09:00:00,79.35978,39.0,-40.35977935791016
2023-11-16 12:00:00,62.650883,38.0,-24.650882720947266
2023-11-16 15:00:00,68.222336,36.0,-32.22233581542969
2023-11-16 18:00:00,119.41347,35.0,-84.41346740722656
2023-11-16 21:00:00,106.95294,35.0,-71.95294189453125
2023-11-17 00:00:00,140.1313,37.0,-103.1313018798828
2023-11-17 03:00:00,143.88661,41.0,-102.88661193847656
2023-11-17 06:00:00,128.39337,62.0,-66.39337158203125
2023-11-17 09:00:00,94.95705,75.0,-19.957046508789062
2023-11-17 12:00:00,38.15899,81.0,42.84101104736328
2023-11-17 18:00:00,99.22587,96.0,-3.225868225097656
2023-11-17 21:00:00,87.78989,98.0,10.210113525390623
2023-11-18 00:00:00,57.07625,96.0,38.92375183105469
2023-11-18 03:00:00,39.12464,90.0,50.87535858154297
2023-11-18 06:00:00,27.564966,62.0,34.43503379821777
2023-11-18 09:00:00,57.272247,44.0,-13.272247314453123
2023-11-18 12:00:00,97.0058,35.0,-62.00579833984375
2023-11-18 15:00:00,105.35837,33.0,-72.35836791992188
2023-11-18 18:00:00,68.366714,34.0,-34.36671447753906
2023-11-18 21:00:00,42.627106,33.0,-9.627105712890623
2023-11-19 00:00:00,29.627699,33.0,3.3723011016845703
2023-11-19 03:00:00,30.951014,34.0,3.0489864349365234
2023-11-19 15:00:00,33.83741,33.0,-0.8374099731445312
2023-11-19 18:00:00,37.09624,30.0,-7.096240997314453
2023-11-19 21:00:00,34.618324,29.0,-5.618324279785156
2023-11-20 00:00:00,44.69939,27.0,-17.699390411376953
2023-11-20 03:00:00,60.907497,27.0,-33.90749740600586
2023-11-20 06:00:00,62.626442,26.0,-36.626441955566406
2023-11-20 09:00:00,68.40185,29.0,-39.40184783935547
2023-11-20 12:00:00,82.026306,33.0,-49.02630615234375
2023-11-20 15:00:00,62.094955,35.0,-27.094955444335938
2023-11-20 18:00:00,93.34463,37.0,-56.34462738037109
2023-11-20 21:00:00,107.575035,37.0,-70.57503509521484
2023-11-21 00:00:00,77.712685,38.0,-39.712684631347656
2023-11-21 03:00:00,85.27241,39.0,-46.27240753173828
2023-11-21 06:00:00,103.06258,39.0,-64.06257629394531
2023-11-21 09:00:00,81.19173,37.0,-44.19172668457031
2023-11-21 12:00:00,49.613277,35.0,-14.613277435302734
2023-11-21 15:00:00,40.15078,36.0,-4.150779724121094
2023-11-21 18:00:00,46.518833,37.0,-9.51883316040039
2023-11-21 21:00:00,48.402855,37.0,-11.402854919433594
2023-11-22 00:00:00,74.97601,39.0,-35.97601318359375
2023-11-22 03:00:00,68.176636,40.0,-28.1766357421875
2023-11-22 06:00:00,75.23363,44.0,-31.233627319335938
2023-11-22 09:00:00,96.11677,47.0,-49.11676788330078
2023-11-22 12:00:00,115.947044,49.0,-66.9470443725586
2023-11-22 18:00:00,157.88828,53.0,-104.88827514648438
2023-11-22 21:00:00,147.9757,55.0,-92.97569274902344
2023-11-23 00:00:00,129.97679,56.0,-73.97679138183594
2023-11-23 03:00:00,134.2214,56.0,-78.22140502929688
2023-11-23 06:00:00,86.302864,55.0,-31.30286407470703
2023-11-23 09:00:00,105.24218,53.0,-52.24217987060547
2023-11-23 12:00:00,178.85509,51.0,-127.85508728027344
2023-11-24 00:00:00,60.811543,51.0,-9.811542510986328
2023-11-24 03:00:00,58.3949,51.0,-7.394901275634766
2023-11-24 06:00:00,44.98884,49.0,4.011161804199219
2023-11-24 09:00:00,73.83909,45.0,-28.839088439941406
2023-11-24 12:00:00,74.292984,43.0,-31.292984008789062
2023-11-24 18:00:00,46.27327,39.0,-7.273269653320312
2023-11-24 21:00:00,41.694874,35.0,-6.694873809814453
2023-11-25 00:00:00,58.518707,33.0,-25.518707275390625
2023-11-25 03:00:00,60.177628,31.0,-29.17762756347656
2023-11-25 06:00:00,71.46673,29.0,-42.46672821044922
2023-11-25 09:00:00,106.06004,32.0,-74.06004333496094
2023-11-25 12:00:00,131.4545,32.0,-99.45449829101562
2023-11-25 15:00:00,158.7324,35.0,-123.73240661621094
2023-11-25 18:00:00,115.41897,38.0,-77.4189682006836
2023-11-25 21:00:00,72.29573,41.0,-31.295730590820312
2023-11-26 00:00:00,56.06853,43.0,-13.068531036376951
2023-11-26 03:00:00,44.32786,44.0,-0.3278617858886719
2023-11-26 06:00:00,43.80331,45.0,1.1966896057128906
2023-11-26 09:00:00,41.700104,45.0,3.299896240234375
2023-11-26 12:00:00,54.245903,44.0,-10.24590301513672
2023-11-26 15:00:00,72.05653,42.0,-30.05653381347656
2023-11-26 18:00:00,52.08494,39.0,-13.084941864013672
2023-11-26 21:00:00,41.997738,37.0,-4.997737884521484
2023-11-27 00:00:00,69.92104,35.0,-34.921043395996094
2023-11-27 03:00:00,62.558685,33.0,-29.55868530273437
2023-11-27 06:00:00,56.05648,32.0,-24.056480407714844
2023-11-27 09:00:00,48.652054,32.0,-16.652053833007812
2023-11-27 21:00:00,47.37535,34.0,-13.375350952148438
2023-11-28 00:00:00,30.197952,36.0,5.802047729492188
2023-11-28 03:00:00,47.462437,37.0,-10.46243667602539
2023-11-28 06:00:00,27.678879,38.0,10.321121215820312
2023-11-28 09:00:00,45.16869,39.0,-6.168689727783203
2023-11-28 12:00:00,54.07901,41.0,-13.079010009765623
2023-11-28 15:00:00,48.073048,43.0,-5.073047637939453
2023-11-28 18:00:00,45.20871,44.0,-1.208709716796875
2023-11-28 21:00:00,43.99544,45.0,1.004558563232422
2023-11-29 00:00:00,93.7282,46.0,-47.72820281982422
2023-11-29 03:00:00,94.9301,48.0,-46.93009948730469
2023-11-29 06:00:00,101.9057,49.0,-52.90570068359375
2023-11-29 09:00:00,128.38722,52.0,-76.38722229003906
2023-11-29 12:00:00,124.62971,53.0,-71.62970733642578
2023-11-29 18:00:00,146.40681,57.0,-89.40681457519531
2023-11-29 21:00:00,108.38812,60.0,-48.38812255859375
2023-11-30 00:00:00,66.93926,62.0,-4.939262390136719
2023-11-30 03:00:00,55.08946,62.0,6.910541534423828
2023-11-30 06:00:00,46.276,59.0,12.7239990234375
2023-11-30 09:00:00,98.75231,56.0,-42.75231170654297
2023-11-30 12:00:00,138.83653,53.0,-85.83653259277344
2023-11-30 15:00:00,151.7912,51.0,-100.79119873046876
2023-11-30 18:00:00,89.538956,48.0,-41.53895568847656
2023-11-30 21:00:00,60.772434,45.0,-15.77243423461914
2023-12-01 00:00:00,45.49793,43.0,-2.4979286193847656
2023-12-01 03:00:00,40.585747,44.0,3.414253234863281
2023-12-01 06:00:00,40.527767,46.0,5.472232818603516
2023-12-01 09:00:00,57.004852,49.0,-8.004852294921875
2023-12-01 21:00:00,49.019604,49.0,-0.0196037292480468
2023-12-02 00:00:00,67.47973,47.0,-20.47972869873047
2023-12-02 03:00:00,52.40281,45.0,-7.402809143066406
2023-12-02 06:00:00,39.359066,46.0,6.640933990478516
2023-12-02 09:00:00,42.186684,48.0,5.813316345214844
2023-12-02 12:00:00,70.3485,48.0,-22.34850311279297
2023-12-02 15:00:00,103.61487,47.0,-56.6148681640625
2023-12-02 18:00:00,69.06816,47.0,-22.068161010742188
2023-12-02 21:00:00,38.499367,49.0,10.500633239746094
2023-12-03 00:00:00,37.18878,54.0,16.81121826171875
2023-12-03 03:00:00,36.89229,60.0,23.107711791992188
2023-12-03 06:00:00,36.617165,64.0,27.382835388183597
2023-12-03 09:00:00,42.81628,68.0,25.18371963500977
2023-12-04 15:00:00,110.73439,91.0,-19.734390258789062
2023-12-04 18:00:00,89.66071,93.0,3.3392868041992188
2023-12-04 21:00:00,54.118572,94.0,39.88142776489258
2023-12-05 00:00:00,66.773285,96.0,29.226715087890625
2023-12-05 03:00:00,60.070305,97.0,36.92969512939453
2023-12-05 06:00:00,54.918472,99.0,44.08152770996094
2023-12-05 09:00:00,64.578674,101.0,36.42132568359375
2023-12-05 12:00:00,78.1281,102.0,23.871902465820312
2023-12-05 15:00:00,103.25948,101.0,-2.259483337402344
2023-12-05 18:00:00,73.38076,100.0,26.619239807128903
2023-12-06 06:00:00,51.602455,101.0,49.39754486083984
2023-12-06 09:00:00,49.558365,104.0,54.44163513183594
2023-12-06 12:00:00,48.630455,105.0,56.36954498291016
2023-12-06 18:00:00,67.20711,108.0,40.79289245605469
2023-12-06 21:00:00,45.974957,107.0,61.02504348754883
2023-12-07 00:00:00,41.10734,106.0,64.89265823364258
2023-12-07 03:00:00,44.301487,104.0,59.69851303100586
2023-12-07 06:00:00,29.811417,101.0,71.18858337402344
2023-12-07 09:00:00,37.124664,97.0,59.875335693359375
2023-12-07 12:00:00,66.57365,96.0,29.426353454589844
2023-12-07 18:00:00,74.28389,97.0,22.716110229492188
2023-12-07 21:00:00,46.573406,98.0,51.42659378051758
2023-12-08 00:00:00,30.358932,99.0,68.64106750488281
2023-12-08 03:00:00,34.77362,101.0,66.22637939453125
2023-12-08 06:00:00,32.624485,101.0,68.37551498413086
2023-12-08 09:00:00,40.13009,100.0,59.869911193847656
2023-12-08 12:00:00,62.474102,98.0,35.52589797973633
2023-12-08 15:00:00,96.32731,96.0,-0.3273086547851562
2023-12-08 18:00:00,85.96567,96.0,10.034332275390623
2023-12-09 06:00:00,69.69048,93.0,23.30951690673828
2023-12-09 09:00:00,63.03253,93.0,29.96746826171875
2023-12-09 12:00:00,67.3341,95.0,27.66590118408203
2023-12-10 12:00:00,73.13685,96.0,22.86315155029297
2023-12-10 15:00:00,93.53744,96.0,2.462562561035156
2023-12-10 18:00:00,78.55715,95.0,16.442848205566406
2023-12-10 21:00:00,52.93441,95.0,42.06558990478516
2023-12-11 00:00:00,82.98957,93.0,10.01042938232422
2023-12-11 03:00:00,74.796844,91.0,16.203155517578125
2023-12-11 09:00:00,79.763824,115.0,35.236175537109375
2023-12-11 12:00:00,53.34937,113.0,59.65063095092773
2023-12-11 15:00:00,60.5869,113.0,52.41310119628906
2023-12-12 03:00:00,44.35651,115.0,70.64348983764648
2023-12-12 06:00:00,48.674564,116.0,67.32543563842773
2023-12-12 09:00:00,36.39411,90.0,53.60588836669922
2023-12-12 12:00:00,56.215073,91.0,34.78492736816406
2023-12-12 15:00:00,47.7678,90.0,42.232200622558594
2023-12-12 18:00:00,49.94672,88.0,38.05327987670898
2023-12-12 21:00:00,54.146767,87.0,32.853233337402344
2023-12-13 00:00:00,53.876648,86.0,32.12335205078125
2023-12-13 03:00:00,64.38108,86.0,21.618919372558597
2023-12-13 06:00:00,60.693993,85.0,24.306007385253903
2023-12-13 09:00:00,50.930794,86.0,35.06920623779297
2023-12-14 03:00:00,80.50176,86.0,5.498237609863281
2023-12-14 06:00:00,88.445404,85.0,-3.445404052734375
2023-12-14 09:00:00,184.19609,85.0,-99.1960906982422
2023-12-14 12:00:00,213.32062,91.0,-122.32061767578124
2023-12-14 15:00:00,200.09486,99.0,-101.09486389160156
2023-12-14 18:00:00,131.29796,105.0,-26.29795837402344
2023-12-14 21:00:00,109.665054,108.0,-1.6650543212890625
2023-12-15 00:00:00,118.310936,110.0,-8.310935974121094
2023-12-15 03:00:00,159.75957,112.0,-47.75956726074219
2023-12-15 06:00:00,137.3478,113.0,-24.34779357910156
2023-12-15 09:00:00,125.73889,114.0,-11.7388916015625
2023-12-15 12:00:00,145.97543,112.0,-33.975433349609375
2023-12-15 15:00:00,184.96246,109.0,-75.96246337890625
2023-12-15 18:00:00,134.26291,110.0,-24.262908935546875
2023-12-15 21:00:00,112.44901,112.0,-0.4490127563476562
2023-12-16 00:00:00,168.51106,113.0,-55.51106262207031
2023-12-16 03:00:00,153.67766,114.0,-39.67765808105469
2023-12-16 06:00:00,111.766495,115.0,3.233505249023437
2023-12-16 12:00:00,57.44272,110.0,52.55728149414063
2023-12-16 15:00:00,78.08728,104.0,25.9127197265625
2023-12-16 18:00:00,69.19186,98.0,28.808143615722656
2023-12-16 21:00:00,59.624653,94.0,34.37534713745117
2023-12-17 00:00:00,54.573433,90.0,35.42656707763672
2023-12-17 03:00:00,41.382465,87.0,45.61753463745117
2023-12-17 06:00:00,34.436825,85.0,50.563175201416016
2023-12-17 09:00:00,44.25283,84.0,39.747169494628906
2023-12-17 12:00:00,43.33208,83.0,39.66791915893555
2023-12-17 15:00:00,46.11775,82.0,35.88225173950195
2023-12-17 18:00:00,49.079746,82.0,32.92025375366211
2023-12-18 15:00:00,36.302483,80.0,43.69751739501953
2023-12-18 18:00:00,41.77832,81.0,39.2216796875
2023-12-18 21:00:00,33.43871,79.0,45.5612907409668
2023-12-19 00:00:00,46.789238,79.0,32.21076202392578
2023-12-19 03:00:00,41.05499,78.0,36.945011138916016
2023-12-19 06:00:00,30.124796,78.0,47.87520408630371
2023-12-19 18:00:00,60.872253,78.0,17.12774658203125
2023-12-19 21:00:00,57.754505,79.0,21.245494842529297
2023-12-20 00:00:00,33.270622,80.0,46.72937774658203
2023-12-20 03:00:00,28.08207,80.0,51.917930603027344
2023-12-20 15:00:00,62.94249,82.0,19.05751037597656
2023-12-20 18:00:00,70.28103,82.0,11.718971252441406
2023-12-20 21:00:00,62.82494,84.0,21.1750602722168
2023-12-21 00:00:00,107.2529,85.0,-22.252899169921875
2023-12-21 03:00:00,92.38954,88.0,-4.3895416259765625
2023-12-21 06:00:00,99.3748,90.0,-9.374801635742188
2023-12-21 09:00:00,72.60485,92.0,19.39514923095703
2023-12-21 12:00:00,63.97181,93.0,29.02819061279297
2023-12-21 15:00:00,96.133705,93.0,-3.133705139160156
2023-12-21 18:00:00,71.719345,92.0,20.28065490722656
2023-12-21 21:00:00,47.52013,91.0,43.4798698425293
2023-12-22 00:00:00,52.175663,91.0,38.824337005615234
2023-12-22 03:00:00,55.866566,90.0,34.1334342956543
2023-12-22 06:00:00,55.04461,89.0,33.95539093017578
2023-12-23 03:00:00,52.212498,92.0,39.78750228881836
2023-12-23 06:00:00,62.463867,93.0,30.5361328125
2023-12-23 09:00:00,65.6853,93.0,27.314697265625
2023-12-23 12:00:00,29.023455,94.0,64.9765453338623
2023-12-23 15:00:00,30.719774,92.0,61.28022575378418
2023-12-23 18:00:00,39.90772,89.0,49.092281341552734
2023-12-23 21:00:00,56.27419,88.0,31.725811004638672
2023-12-24 15:00:00,43.708267,91.0,47.29173278808594
2023-12-24 18:00:00,47.980507,92.0,44.019493103027344
2023-12-24 21:00:00,44.531815,93.0,48.46818542480469
2023-12-25 00:00:00,32.667118,92.0,59.33288192749024
2023-12-25 03:00:00,37.0477,92.0,54.95230102539063
2023-12-25 06:00:00,35.741493,93.0,57.25850677490234
2023-12-25 09:00:00,29.078535,94.0,64.92146492004395
2023-12-25 12:00:00,21.762276,94.0,72.23772430419922
2023-12-25 15:00:00,48.920696,95.0,46.07930374145508
2023-12-25 18:00:00,52.20579,96.0,43.79420852661133
2023-12-26 15:00:00,130.16484,93.0,-37.16484069824219
2023-12-26 18:00:00,76.24794,88.0,11.752059936523438
2023-12-26 21:00:00,30.579258,82.0,51.42074203491211
2023-12-27 00:00:00,7.9519396,74.0,66.0480604171753
2023-12-27 03:00:00,11.56161,65.0,53.43838977813721
2023-12-27 06:00:00,18.760658,57.0,38.23934173583984
2023-12-27 09:00:00,67.564995,53.0,-14.56499481201172
2023-12-27 12:00:00,99.758835,51.0,-48.75883483886719
2023-12-27 15:00:00,134.55861,55.0,-79.55860900878906
2023-12-27 18:00:00,74.1436,56.0,-18.143600463867188
2023-12-27 21:00:00,40.652367,59.0,18.347633361816406
2023-12-28 00:00:00,69.34022,62.0,-7.340217590332031
2023-12-28 03:00:00,63.189644,66.0,2.8103561401367188
2023-12-28 06:00:00,63.879726,70.0,6.120273590087891
2023-12-28 09:00:00,66.38305,69.0,2.6169509887695312
2023-12-28 12:00:00,82.777885,68.0,-14.77788543701172
2023-12-28 15:00:00,85.32277,66.0,-19.322769165039062
2023-12-28 18:00:00,48.796097,64.0,15.203903198242188
2023-12-28 21:00:00,36.83169,63.0,26.16830825805664
2023-12-29 00:00:00,39.87884,61.0,21.12115859985352
2023-12-29 03:00:00,35.27225,61.0,25.72774887084961
2023-12-29 06:00:00,24.066538,60.0,35.933462142944336
2023-12-29 18:00:00,61.954437,60.0,-1.954437255859375
2023-12-29 21:00:00,29.275724,63.0,33.72427558898926
2023-12-30 00:00:00,38.303596,64.0,25.69640350341797
2023-12-30 03:00:00,30.614729,65.0,34.385271072387695
2023-12-30 15:00:00,108.99606,64.0,-44.99606323242188
2023-12-30 18:00:00,61.36463,62.0,0.6353683471679688
2023-12-30 21:00:00,19.577784,60.0,40.42221641540527
2023-12-31 00:00:00,47.66582,59.0,11.334178924560549
2023-12-31 03:00:00,37.815197,57.0,19.184803009033203
2023-12-31 06:00:00,31.325214,56.0,24.674785614013672
2023-12-31 09:00:00,69.54997,54.0,-15.549972534179688
2023-12-31 12:00:00,104.82654,53.0,-51.8265380859375
2023-12-31 15:00:00,101.730736,55.0,-46.730735778808594
2023-12-31 18:00:00,59.388412,59.0,-0.3884124755859375
2023-12-31 21:00:00,29.503326,59.0,29.49667358398437
